{
    "Config05Problem8_4022": {
        "EarlyEnd": false,
        "Objective Criterion": 2,
        "Objective Value": 5980.403307,
        "Permutation": [
            5,
            40,
            39,
            16,
            24,
            26,
            41,
            23,
            38,
            22,
            25,
            29,
            27,
            28,
            8,
            7,
            10,
            9,
            44,
            6,
            43,
            32,
            33,
            31,
            30,
            18,
            20,
            19,
            21,
            13,
            15,
            11,
            14,
            12,
            2,
            0,
            3,
            1,
            4,
            17,
            42,
            35,
            36,
            37,
            34
        ],
        "BatchAllocation": [
            17,
            17,
            17,
            17,
            17,
            0,
            13,
            13,
            13,
            13,
            13,
            16,
            16,
            16,
            16,
            16,
            0,
            26,
            15,
            15,
            15,
            15,
            1,
            1,
            1,
            1,
            1,
            2,
            3,
            2,
            14,
            14,
            14,
            14,
            27,
            27,
            27,
            27,
            1,
            0,
            0,
            1,
            26,
            13,
            13
        ],
        "EndIndices": [
            3,
            10,
            12,
            13,
            -1,
            -1,
            -1,
            -1,
            -1,
            -1,
            -1,
            -1,
            -1,
            20,
            24,
            28,
            33,
            38,
            -1,
            -1,
            -1,
            -1,
            -1,
            -1,
            -1,
            -1,
            40,
            44,
            -1,
            -1,
            -1,
            -1,
            -1,
            -1,
            -1,
            -1,
            -1,
            -1,
            -1
        ],
        "Preprocess Time": 0.0009996891021728516,
        "Best Constructive Solution": 10958.081897,
        "Construction Runtime": 0.011001348495483398,
        "Improvement Runtime": 3600.1889474391937,
        "Overall Runtime": 3600.199948787689,
        "Feasible Assignments": 44254,
        "PerturbationsRounds": 39490,
        "AcceptanceCounter": 10645,
        "AcceptanceRate": 0.2695619144087111,
        "PackingCalls Construction": 0,
        "PackingCalls Perturbation": 21798,
        "PackingCalls VNS": 42849,
        "NeighborhoodImprovements": {
            "3": 5,
            "2": 1,
            "0": 6,
            "1": 1
        },
        "SuccessfulPerturbations": 39490,
        "TimeToBest": 1.926110029220581,
        "TimeTo70": 4.959287643432617,
        "ObjectiveAt70": 5980.403307
    }
}