{
    "Config05Problem3_4022": {
        "EarlyEnd": false,
        "Objective Criterion": 2,
        "Objective Value": 6460.566227,
        "Permutation": [
            2,
            3,
            16,
            15,
            5,
            24,
            23,
            25,
            6,
            22,
            4,
            21,
            31,
            33,
            32,
            10,
            19,
            13,
            11,
            1,
            0,
            12,
            14,
            20,
            18,
            17,
            7,
            9,
            8,
            30,
            29,
            28,
            26,
            27
        ],
        "BatchAllocation": [
            30,
            30,
            0,
            0,
            5,
            1,
            3,
            32,
            32,
            32,
            18,
            30,
            30,
            30,
            30,
            0,
            0,
            31,
            31,
            30,
            31,
            5,
            4,
            2,
            2,
            3,
            34,
            34,
            34,
            33,
            33,
            15,
            17,
            16
        ],
        "EndIndices": [
            3,
            4,
            6,
            8,
            9,
            11,
            -1,
            -1,
            -1,
            -1,
            -1,
            -1,
            -1,
            -1,
            -1,
            12,
            13,
            14,
            15,
            -1,
            -1,
            -1,
            -1,
            -1,
            -1,
            -1,
            -1,
            -1,
            -1,
            -1,
            22,
            25,
            28,
            30,
            33,
            -1,
            -1,
            -1,
            -1,
            -1,
            -1,
            -1,
            -1,
            -1,
            -1
        ],
        "Preprocess Time": 0.0,
        "Best Constructive Solution": 8196.029029,
        "Construction Runtime": 0.00800013542175293,
        "Improvement Runtime": 3600.1467022895813,
        "Overall Runtime": 3600.154702425003,
        "Feasible Assignments": 7907,
        "PerturbationsRounds": 7425,
        "AcceptanceCounter": 2817,
        "AcceptanceRate": 0.3793939393939394,
        "PackingCalls Construction": 0,
        "PackingCalls Perturbation": 69778,
        "PackingCalls VNS": 14378,
        "NeighborhoodImprovements": {
            "3": 5,
            "2": 1,
            "0": 5,
            "1": 1
        },
        "SuccessfulPerturbations": 7394,
        "TimeToBest": 48.264792919158936,
        "TimeTo70": 3.018174886703491,
        "ObjectiveAt70": 6869.690554
    }
}