{
    "Config05Problem8_1022": {
        "EarlyEnd": false,
        "Objective Criterion": 2,
        "Objective Value": 5980.403307,
        "Permutation": [
            5,
            25,
            16,
            24,
            26,
            41,
            40,
            23,
            38,
            39,
            22,
            10,
            43,
            7,
            44,
            6,
            8,
            9,
            32,
            33,
            31,
            30,
            19,
            21,
            20,
            18,
            11,
            13,
            12,
            15,
            14,
            0,
            4,
            2,
            1,
            3,
            27,
            17,
            29,
            42,
            35,
            34,
            37,
            36,
            28
        ],
        "BatchAllocation": [
            17,
            17,
            17,
            17,
            17,
            0,
            13,
            13,
            13,
            13,
            13,
            16,
            16,
            16,
            16,
            16,
            0,
            26,
            15,
            15,
            15,
            15,
            1,
            1,
            0,
            0,
            1,
            26,
            28,
            26,
            14,
            14,
            14,
            14,
            27,
            27,
            27,
            27,
            1,
            1,
            1,
            1,
            26,
            13,
            13
        ],
        "EndIndices": [
            3,
            10,
            -1,
            -1,
            -1,
            -1,
            -1,
            -1,
            -1,
            -1,
            -1,
            -1,
            -1,
            17,
            21,
            25,
            30,
            35,
            -1,
            -1,
            -1,
            -1,
            -1,
            -1,
            -1,
            -1,
            39,
            43,
            44,
            -1,
            -1,
            -1,
            -1,
            -1,
            -1,
            -1,
            -1,
            -1,
            -1
        ],
        "Preprocess Time": 0.0010001659393310547,
        "Best Constructive Solution": 10644.510738,
        "Construction Runtime": 0.011001110076904297,
        "Improvement Runtime": 3600.0165572166443,
        "Overall Runtime": 3600.027558326721,
        "Feasible Assignments": 43077,
        "PerturbationsRounds": 47654,
        "AcceptanceCounter": 9189,
        "AcceptanceRate": 0.19282746464095354,
        "PackingCalls Construction": 0,
        "PackingCalls Perturbation": 25869,
        "PackingCalls VNS": 41883,
        "NeighborhoodImprovements": {
            "3": 4,
            "2": 2,
            "0": 3,
            "1": 1
        },
        "SuccessfulPerturbations": 47654,
        "TimeToBest": 2.44914174079895,
        "TimeTo70": 4.787272930145264,
        "ObjectiveAt70": 5980.403307
    }
}