{
    "Config05Problem8_2022": {
        "EarlyEnd": false,
        "Objective Criterion": 2,
        "Objective Value": 5980.403307,
        "Permutation": [
            23,
            39,
            5,
            41,
            38,
            40,
            25,
            26,
            24,
            16,
            22,
            7,
            9,
            10,
            6,
            44,
            43,
            8,
            32,
            31,
            33,
            30,
            20,
            19,
            21,
            18,
            14,
            13,
            12,
            15,
            11,
            4,
            0,
            1,
            2,
            3,
            35,
            34,
            37,
            36,
            17,
            42,
            28,
            27,
            29
        ],
        "BatchAllocation": [
            17,
            17,
            17,
            17,
            17,
            1,
            13,
            13,
            13,
            13,
            13,
            16,
            16,
            16,
            16,
            16,
            3,
            28,
            15,
            15,
            15,
            15,
            3,
            0,
            3,
            3,
            3,
            30,
            30,
            30,
            14,
            14,
            14,
            14,
            27,
            26,
            27,
            27,
            2,
            1,
            2,
            2,
            29,
            13,
            13
        ],
        "EndIndices": [
            0,
            2,
            5,
            10,
            -1,
            -1,
            -1,
            -1,
            -1,
            -1,
            -1,
            -1,
            -1,
            17,
            21,
            25,
            30,
            35,
            -1,
            -1,
            -1,
            -1,
            -1,
            -1,
            -1,
            -1,
            36,
            39,
            40,
            41,
            44,
            -1,
            -1,
            -1,
            -1,
            -1,
            -1,
            -1,
            -1
        ],
        "Preprocess Time": 0.001001119613647461,
        "Best Constructive Solution": 10533.165618,
        "Construction Runtime": 0.012000560760498047,
        "Improvement Runtime": 3600.070102453232,
        "Overall Runtime": 3600.0821030139923,
        "Feasible Assignments": 44077,
        "PerturbationsRounds": 51851,
        "AcceptanceCounter": 17946,
        "AcceptanceRate": 0.346107114616883,
        "PackingCalls Construction": 0,
        "PackingCalls Perturbation": 6894,
        "PackingCalls VNS": 42877,
        "NeighborhoodImprovements": {
            "3": 11,
            "2": 2,
            "0": 10,
            "1": 2
        },
        "SuccessfulPerturbations": 51851,
        "TimeToBest": 11.774604320526123,
        "TimeTo70": 6.857350826263428,
        "ObjectiveAt70": 6187.465876
    }
}