{
    "Config05Problem7_3022": {
        "EarlyEnd": false,
        "Objective Criterion": 2,
        "Objective Value": 6509.439432,
        "Permutation": [
            21,
            12,
            13,
            11,
            15,
            6,
            23,
            25,
            20,
            22,
            24,
            29,
            26,
            28,
            27,
            5,
            14,
            4,
            3,
            18,
            19,
            17,
            32,
            31,
            30,
            7,
            9,
            8,
            10,
            1,
            0,
            2,
            33,
            16,
            34
        ],
        "BatchAllocation": [
            37,
            37,
            37,
            19,
            19,
            18,
            2,
            36,
            36,
            36,
            36,
            1,
            0,
            0,
            18,
            1,
            39,
            20,
            20,
            20,
            3,
            0,
            4,
            2,
            4,
            3,
            5,
            6,
            6,
            5,
            21,
            21,
            21,
            38,
            40
        ],
        "EndIndices": [
            2,
            4,
            6,
            8,
            10,
            12,
            14,
            -1,
            -1,
            -1,
            -1,
            -1,
            -1,
            -1,
            -1,
            -1,
            -1,
            -1,
            16,
            18,
            21,
            24,
            -1,
            -1,
            -1,
            -1,
            -1,
            -1,
            -1,
            -1,
            -1,
            -1,
            -1,
            -1,
            -1,
            -1,
            28,
            31,
            32,
            33,
            34,
            -1,
            -1,
            -1,
            -1,
            -1,
            -1,
            -1,
            -1,
            -1,
            -1,
            -1,
            -1,
            -1
        ],
        "Preprocess Time": 0.0,
        "Best Constructive Solution": 8274.016829,
        "Construction Runtime": 0.009999275207519531,
        "Improvement Runtime": 3601.6789677143097,
        "Overall Runtime": 3601.688966989517,
        "Feasible Assignments": 660,
        "PerturbationsRounds": 7825,
        "AcceptanceCounter": 489,
        "AcceptanceRate": 0.062492012779552714,
        "PackingCalls Construction": 0,
        "PackingCalls Perturbation": 83468,
        "PackingCalls VNS": 810,
        "NeighborhoodImprovements": {
            "3": 9,
            "2": 2,
            "0": 7,
            "1": 2
        },
        "SuccessfulPerturbations": 7816,
        "TimeToBest": 87.78708100318909,
        "TimeTo70": 4.410259485244751,
        "ObjectiveAt70": 6598.813697
    }
}