{
    "Config05Problem3_2022": {
        "EarlyEnd": false,
        "Objective Criterion": 2,
        "Objective Value": 6460.566227,
        "Permutation": [
            2,
            3,
            16,
            15,
            22,
            5,
            23,
            4,
            6,
            21,
            24,
            25,
            31,
            33,
            32,
            10,
            19,
            1,
            11,
            12,
            13,
            0,
            14,
            18,
            17,
            20,
            9,
            8,
            7,
            26,
            28,
            29,
            30,
            27
        ],
        "BatchAllocation": [
            30,
            30,
            0,
            0,
            2,
            1,
            3,
            32,
            32,
            32,
            16,
            30,
            30,
            30,
            30,
            0,
            0,
            31,
            31,
            30,
            31,
            3,
            1,
            2,
            4,
            4,
            33,
            34,
            33,
            33,
            34,
            15,
            15,
            15
        ],
        "EndIndices": [
            3,
            5,
            7,
            9,
            11,
            -1,
            -1,
            -1,
            -1,
            -1,
            -1,
            -1,
            -1,
            -1,
            -1,
            14,
            15,
            -1,
            -1,
            -1,
            -1,
            -1,
            -1,
            -1,
            -1,
            -1,
            -1,
            -1,
            -1,
            -1,
            22,
            25,
            28,
            31,
            33,
            -1,
            -1,
            -1,
            -1,
            -1,
            -1,
            -1,
            -1,
            -1,
            -1
        ],
        "Preprocess Time": 0.0,
        "Best Constructive Solution": 8196.029029,
        "Construction Runtime": 0.008000612258911133,
        "Improvement Runtime": 3600.0679881572723,
        "Overall Runtime": 3600.0759887695312,
        "Feasible Assignments": 6746,
        "PerturbationsRounds": 7974,
        "AcceptanceCounter": 2932,
        "AcceptanceRate": 0.36769500877853023,
        "PackingCalls Construction": 0,
        "PackingCalls Perturbation": 68989,
        "PackingCalls VNS": 10782,
        "NeighborhoodImprovements": {
            "3": 5,
            "2": 2,
            "0": 4,
            "1": 1
        },
        "SuccessfulPerturbations": 6374,
        "TimeToBest": 0.25602245330810547,
        "TimeTo70": 2.470139980316162,
        "ObjectiveAt70": 6460.566227
    }
}