{
    "Config05Problem2_4022": {
        "EarlyEnd": false,
        "Objective Criterion": 2,
        "Objective Value": 6955.048714,
        "Permutation": [
            11,
            12,
            14,
            13,
            37,
            36,
            35,
            34,
            22,
            21,
            25,
            19,
            16,
            15,
            9,
            10,
            0,
            29,
            30,
            28,
            31,
            2,
            3,
            1,
            33,
            6,
            5,
            8,
            4,
            32,
            7,
            27,
            24,
            26,
            23,
            18,
            20,
            17
        ],
        "BatchAllocation": [
            13,
            23,
            23,
            23,
            24,
            24,
            24,
            24,
            24,
            13,
            13,
            0,
            0,
            0,
            0,
            12,
            11,
            25,
            25,
            3,
            25,
            2,
            2,
            25,
            25,
            3,
            25,
            25,
            22,
            22,
            22,
            22,
            24,
            24,
            1,
            1,
            1,
            1
        ],
        "EndIndices": [
            3,
            7,
            9,
            11,
            -1,
            -1,
            -1,
            -1,
            -1,
            -1,
            -1,
            12,
            13,
            16,
            -1,
            -1,
            -1,
            -1,
            -1,
            -1,
            -1,
            -1,
            20,
            23,
            30,
            37,
            -1,
            -1,
            -1,
            -1,
            -1,
            -1,
            -1
        ],
        "Preprocess Time": 0.0,
        "Best Constructive Solution": 10359.988091,
        "Construction Runtime": 0.009999275207519531,
        "Improvement Runtime": 3602.4980902671814,
        "Overall Runtime": 3602.508089542389,
        "Feasible Assignments": 239342,
        "PerturbationsRounds": 5630,
        "AcceptanceCounter": 391,
        "AcceptanceRate": 0.069449378330373,
        "PackingCalls Construction": 0,
        "PackingCalls Perturbation": 7202,
        "PackingCalls VNS": 238666,
        "NeighborhoodImprovements": {
            "3": 6,
            "2": 4,
            "0": 8,
            "1": 2
        },
        "SuccessfulPerturbations": 5630,
        "TimeToBest": 1.508087158203125,
        "TimeTo70": 8.554492235183716,
        "ObjectiveAt70": 6955.048714
    }
}