{
    "Config05Problem9_1022": {
        "EarlyEnd": false,
        "Objective Criterion": 2,
        "Objective Value": 4024.711834,
        "Permutation": [
            1,
            12,
            10,
            3,
            11,
            2,
            13,
            4,
            0,
            14,
            16,
            15,
            30,
            34,
            32,
            33,
            31,
            6,
            8,
            7,
            9,
            22,
            24,
            20,
            21,
            23,
            27,
            29,
            5,
            28,
            26,
            25,
            19,
            18,
            17
        ],
        "BatchAllocation": [
            0,
            0,
            0,
            0,
            0,
            26,
            13,
            13,
            13,
            14,
            0,
            0,
            0,
            0,
            1,
            2,
            2,
            28,
            28,
            28,
            15,
            15,
            14,
            15,
            15,
            27,
            27,
            26,
            27,
            26,
            3,
            5,
            4,
            5,
            3
        ],
        "EndIndices": [
            8,
            9,
            11,
            13,
            14,
            16,
            -1,
            -1,
            -1,
            -1,
            -1,
            -1,
            -1,
            19,
            21,
            25,
            -1,
            -1,
            -1,
            -1,
            -1,
            -1,
            -1,
            -1,
            -1,
            -1,
            28,
            31,
            34,
            -1,
            -1,
            -1,
            -1,
            -1,
            -1,
            -1,
            -1,
            -1,
            -1
        ],
        "Preprocess Time": 0.0,
        "Best Constructive Solution": 6026.233464,
        "Construction Runtime": 0.008001565933227539,
        "Improvement Runtime": 3600.4445366859436,
        "Overall Runtime": 3600.452538251877,
        "Feasible Assignments": 1570,
        "PerturbationsRounds": 13727,
        "AcceptanceCounter": 4513,
        "AcceptanceRate": 0.3287681212209514,
        "PackingCalls Construction": 0,
        "PackingCalls Perturbation": 81650,
        "PackingCalls VNS": 1588,
        "NeighborhoodImprovements": {
            "3": 2,
            "2": 3,
            "0": 2,
            "1": 1
        },
        "SuccessfulPerturbations": 13725,
        "TimeToBest": 0.28801584243774414,
        "TimeTo70": 1.4390809535980225,
        "ObjectiveAt70": 4024.711834
    }
}