{
    "Config05Problem5_22": {
        "EarlyEnd": false,
        "Objective Criterion": 2,
        "Objective Value": 4737.885203,
        "Permutation": [
            29,
            26,
            15,
            25,
            30,
            28,
            27,
            7,
            6,
            5,
            18,
            17,
            19,
            33,
            35,
            34,
            2,
            0,
            3,
            4,
            1,
            10,
            8,
            9,
            16,
            20,
            22,
            23,
            24,
            31,
            32,
            11,
            13,
            12,
            21,
            14
        ],
        "BatchAllocation": [
            9,
            12,
            8,
            10,
            11,
            3,
            2,
            1,
            15,
            16,
            15,
            31,
            31,
            31,
            31,
            0,
            17,
            4,
            4,
            4,
            18,
            31,
            18,
            18,
            18,
            0,
            0,
            0,
            0,
            0,
            0,
            30,
            30,
            5,
            7,
            6
        ],
        "EndIndices": [
            6,
            7,
            8,
            9,
            12,
            13,
            14,
            15,
            16,
            17,
            18,
            19,
            20,
            -1,
            -1,
            22,
            23,
            24,
            28,
            -1,
            -1,
            -1,
            -1,
            -1,
            -1,
            -1,
            -1,
            -1,
            -1,
            -1,
            30,
            35,
            -1,
            -1,
            -1,
            -1,
            -1,
            -1,
            -1,
            -1,
            -1,
            -1,
            -1,
            -1,
            -1
        ],
        "Preprocess Time": 0.0,
        "Best Constructive Solution": 7462.024551,
        "Construction Runtime": 0.008999824523925781,
        "Improvement Runtime": 3603.900729417801,
        "Overall Runtime": 3603.909729242325,
        "Feasible Assignments": 2427,
        "PerturbationsRounds": 2552,
        "AcceptanceCounter": 1723,
        "AcceptanceRate": 0.6751567398119123,
        "PackingCalls Construction": 0,
        "PackingCalls Perturbation": 86925,
        "PackingCalls VNS": 3563,
        "NeighborhoodImprovements": {
            "3": 3,
            "2": 1,
            "0": 1,
            "1": 1
        },
        "SuccessfulPerturbations": 2375,
        "TimeToBest": 1.662095546722412,
        "TimeTo70": 7.0834059715271,
        "ObjectiveAt70": 4737.885203
    }
}