{
    "Config05Problem2_1022": {
        "EarlyEnd": false,
        "Objective Criterion": 2,
        "Objective Value": 6955.048714,
        "Permutation": [
            14,
            13,
            12,
            11,
            37,
            34,
            35,
            36,
            22,
            21,
            26,
            20,
            15,
            16,
            10,
            0,
            9,
            29,
            30,
            28,
            31,
            1,
            3,
            2,
            32,
            33,
            5,
            6,
            4,
            7,
            8,
            24,
            25,
            27,
            23,
            17,
            18,
            19
        ],
        "BatchAllocation": [
            12,
            23,
            23,
            23,
            24,
            24,
            24,
            24,
            24,
            12,
            12,
            0,
            0,
            0,
            0,
            11,
            12,
            25,
            25,
            25,
            3,
            2,
            2,
            25,
            25,
            25,
            3,
            25,
            22,
            22,
            22,
            22,
            24,
            24,
            1,
            1,
            1,
            1
        ],
        "EndIndices": [
            3,
            7,
            9,
            11,
            -1,
            -1,
            -1,
            -1,
            -1,
            -1,
            -1,
            12,
            16,
            -1,
            -1,
            -1,
            -1,
            -1,
            -1,
            -1,
            -1,
            -1,
            20,
            23,
            30,
            37,
            -1,
            -1,
            -1,
            -1,
            -1,
            -1,
            -1
        ],
        "Preprocess Time": 0.0,
        "Best Constructive Solution": 10623.804817,
        "Construction Runtime": 0.008000612258911133,
        "Improvement Runtime": 3601.0097358226776,
        "Overall Runtime": 3601.0177364349365,
        "Feasible Assignments": 244046,
        "PerturbationsRounds": 5885,
        "AcceptanceCounter": 249,
        "AcceptanceRate": 0.042310960067969416,
        "PackingCalls Construction": 0,
        "PackingCalls Perturbation": 7412,
        "PackingCalls VNS": 243392,
        "NeighborhoodImprovements": {
            "3": 9,
            "2": 5,
            "0": 12,
            "1": 3
        },
        "SuccessfulPerturbations": 5885,
        "TimeToBest": 2.360137701034546,
        "TimeTo70": 9.41054892539978,
        "ObjectiveAt70": 6955.048714
    }
}