{
    "Config05Problem3_22": {
        "EarlyEnd": false,
        "Objective Criterion": 2,
        "Objective Value": 6460.566227,
        "Permutation": [
            3,
            2,
            16,
            15,
            25,
            23,
            6,
            5,
            24,
            22,
            4,
            21,
            31,
            32,
            33,
            10,
            0,
            1,
            12,
            13,
            14,
            11,
            17,
            18,
            20,
            19,
            7,
            8,
            9,
            28,
            30,
            26,
            27,
            29
        ],
        "BatchAllocation": [
            30,
            30,
            0,
            0,
            6,
            5,
            4,
            32,
            32,
            32,
            16,
            30,
            30,
            30,
            30,
            1,
            1,
            30,
            31,
            31,
            31,
            7,
            6,
            3,
            5,
            2,
            34,
            34,
            33,
            34,
            33,
            15,
            15,
            15
        ],
        "EndIndices": [
            1,
            3,
            4,
            5,
            6,
            8,
            10,
            11,
            -1,
            -1,
            -1,
            -1,
            -1,
            -1,
            -1,
            14,
            15,
            -1,
            -1,
            -1,
            -1,
            -1,
            -1,
            -1,
            -1,
            -1,
            -1,
            -1,
            -1,
            -1,
            22,
            25,
            28,
            30,
            33,
            -1,
            -1,
            -1,
            -1,
            -1,
            -1,
            -1,
            -1,
            -1,
            -1
        ],
        "Preprocess Time": 0.0,
        "Best Constructive Solution": 8196.029029,
        "Construction Runtime": 0.008998632431030273,
        "Improvement Runtime": 3600.5925376415253,
        "Overall Runtime": 3600.6015362739563,
        "Feasible Assignments": 5999,
        "PerturbationsRounds": 7480,
        "AcceptanceCounter": 3191,
        "AcceptanceRate": 0.4266042780748663,
        "PackingCalls Construction": 0,
        "PackingCalls Perturbation": 70687,
        "PackingCalls VNS": 9890,
        "NeighborhoodImprovements": {
            "3": 7,
            "2": 1,
            "0": 6,
            "1": 4
        },
        "SuccessfulPerturbations": 7460,
        "TimeToBest": 0.6350357532501221,
        "TimeTo70": 3.8432199954986572,
        "ObjectiveAt70": 6460.566227
    }
}