{
    "Config05Problem7_2022": {
        "EarlyEnd": false,
        "Objective Criterion": 2,
        "Objective Value": 6509.439432,
        "Permutation": [
            13,
            21,
            12,
            11,
            15,
            6,
            23,
            22,
            24,
            20,
            25,
            28,
            27,
            26,
            29,
            14,
            3,
            4,
            5,
            17,
            19,
            18,
            30,
            31,
            32,
            8,
            10,
            9,
            7,
            2,
            0,
            1,
            16,
            34,
            33
        ],
        "BatchAllocation": [
            37,
            37,
            37,
            19,
            19,
            19,
            2,
            36,
            36,
            36,
            36,
            1,
            0,
            0,
            18,
            1,
            38,
            20,
            20,
            20,
            4,
            0,
            3,
            2,
            3,
            4,
            6,
            5,
            5,
            6,
            21,
            21,
            21,
            40,
            39
        ],
        "EndIndices": [
            2,
            4,
            6,
            8,
            10,
            12,
            14,
            -1,
            -1,
            -1,
            -1,
            -1,
            -1,
            -1,
            -1,
            -1,
            -1,
            -1,
            15,
            18,
            21,
            24,
            -1,
            -1,
            -1,
            -1,
            -1,
            -1,
            -1,
            -1,
            -1,
            -1,
            -1,
            -1,
            -1,
            -1,
            28,
            31,
            32,
            33,
            34,
            -1,
            -1,
            -1,
            -1,
            -1,
            -1,
            -1,
            -1,
            -1,
            -1,
            -1,
            -1,
            -1
        ],
        "Preprocess Time": 0.0,
        "Best Constructive Solution": 8274.016829,
        "Construction Runtime": 0.00900125503540039,
        "Improvement Runtime": 3600.9260370731354,
        "Overall Runtime": 3600.935038328171,
        "Feasible Assignments": 679,
        "PerturbationsRounds": 7851,
        "AcceptanceCounter": 551,
        "AcceptanceRate": 0.07018214240224176,
        "PackingCalls Construction": 0,
        "PackingCalls Perturbation": 85014,
        "PackingCalls VNS": 802,
        "NeighborhoodImprovements": {
            "3": 5,
            "2": 2,
            "0": 4,
            "1": 3
        },
        "SuccessfulPerturbations": 7843,
        "TimeToBest": 1.6250927448272705,
        "TimeTo70": 4.0452330112457275,
        "ObjectiveAt70": 6509.439432
    }
}