{
    "Config05Problem9_4022": {
        "EarlyEnd": false,
        "Objective Criterion": 2,
        "Objective Value": 4024.711834,
        "Permutation": [
            11,
            0,
            10,
            4,
            13,
            1,
            2,
            3,
            12,
            14,
            15,
            16,
            34,
            32,
            33,
            31,
            30,
            8,
            6,
            5,
            24,
            9,
            23,
            20,
            21,
            22,
            29,
            26,
            28,
            7,
            27,
            25,
            19,
            17,
            18
        ],
        "BatchAllocation": [
            0,
            0,
            0,
            0,
            0,
            13,
            13,
            26,
            13,
            14,
            0,
            0,
            0,
            0,
            1,
            2,
            2,
            28,
            28,
            28,
            15,
            15,
            15,
            15,
            14,
            27,
            26,
            27,
            26,
            26,
            5,
            5,
            3,
            4,
            3
        ],
        "EndIndices": [
            8,
            9,
            11,
            13,
            14,
            16,
            -1,
            -1,
            -1,
            -1,
            -1,
            -1,
            -1,
            19,
            21,
            25,
            -1,
            -1,
            -1,
            -1,
            -1,
            -1,
            -1,
            -1,
            -1,
            -1,
            29,
            31,
            34,
            -1,
            -1,
            -1,
            -1,
            -1,
            -1,
            -1,
            -1,
            -1,
            -1
        ],
        "Preprocess Time": 0.00099945068359375,
        "Best Constructive Solution": 5973.036167,
        "Construction Runtime": 0.010998010635375977,
        "Improvement Runtime": 3600.910742044449,
        "Overall Runtime": 3600.9217400550842,
        "Feasible Assignments": 1596,
        "PerturbationsRounds": 13931,
        "AcceptanceCounter": 4692,
        "AcceptanceRate": 0.33680281386835115,
        "PackingCalls Construction": 0,
        "PackingCalls Perturbation": 82866,
        "PackingCalls VNS": 1672,
        "NeighborhoodImprovements": {
            "3": 3,
            "2": 3,
            "0": 5,
            "1": 4
        },
        "SuccessfulPerturbations": 13931,
        "TimeToBest": 1.7341010570526123,
        "TimeTo70": 2.9711639881134033,
        "ObjectiveAt70": 4024.711834
    }
}