{
    "Config05Problem9_3022": {
        "EarlyEnd": false,
        "Objective Criterion": 2,
        "Objective Value": 4024.711834,
        "Permutation": [
            12,
            10,
            2,
            11,
            4,
            13,
            1,
            3,
            0,
            14,
            16,
            15,
            30,
            33,
            31,
            32,
            34,
            8,
            5,
            6,
            22,
            9,
            24,
            21,
            20,
            23,
            28,
            27,
            26,
            7,
            29,
            25,
            19,
            18,
            17
        ],
        "BatchAllocation": [
            0,
            0,
            0,
            0,
            0,
            13,
            13,
            26,
            13,
            14,
            0,
            0,
            0,
            0,
            1,
            2,
            2,
            28,
            28,
            28,
            15,
            15,
            14,
            15,
            15,
            27,
            26,
            26,
            26,
            27,
            3,
            4,
            5,
            3,
            5
        ],
        "EndIndices": [
            8,
            9,
            11,
            13,
            14,
            16,
            -1,
            -1,
            -1,
            -1,
            -1,
            -1,
            -1,
            19,
            21,
            25,
            -1,
            -1,
            -1,
            -1,
            -1,
            -1,
            -1,
            -1,
            -1,
            -1,
            29,
            31,
            34,
            -1,
            -1,
            -1,
            -1,
            -1,
            -1,
            -1,
            -1,
            -1,
            -1
        ],
        "Preprocess Time": 0.0,
        "Best Constructive Solution": 5990.517967,
        "Construction Runtime": 0.009001016616821289,
        "Improvement Runtime": 3600.1488926410675,
        "Overall Runtime": 3600.1578936576843,
        "Feasible Assignments": 1620,
        "PerturbationsRounds": 13505,
        "AcceptanceCounter": 4629,
        "AcceptanceRate": 0.342761940022214,
        "PackingCalls Construction": 0,
        "PackingCalls Perturbation": 80488,
        "PackingCalls VNS": 1671,
        "NeighborhoodImprovements": {
            "3": 2,
            "2": 3,
            "0": 3,
            "1": 3
        },
        "SuccessfulPerturbations": 13503,
        "TimeToBest": 0.7260417938232422,
        "TimeTo70": 1.9121105670928955,
        "ObjectiveAt70": 4024.711834
    }
}