{
    "Config05Problem3_3022": {
        "EarlyEnd": false,
        "Objective Criterion": 2,
        "Objective Value": 6460.566227,
        "Permutation": [
            2,
            16,
            3,
            15,
            6,
            23,
            22,
            24,
            5,
            21,
            25,
            4,
            32,
            33,
            31,
            10,
            0,
            1,
            11,
            14,
            13,
            17,
            12,
            20,
            18,
            19,
            7,
            8,
            9,
            28,
            29,
            27,
            30,
            26
        ],
        "BatchAllocation": [
            30,
            30,
            0,
            0,
            4,
            3,
            1,
            32,
            32,
            32,
            16,
            30,
            30,
            30,
            30,
            0,
            0,
            30,
            31,
            31,
            31,
            3,
            2,
            1,
            2,
            4,
            34,
            34,
            33,
            33,
            34,
            15,
            15,
            15
        ],
        "EndIndices": [
            3,
            5,
            7,
            9,
            11,
            -1,
            -1,
            -1,
            -1,
            -1,
            -1,
            -1,
            -1,
            -1,
            -1,
            14,
            15,
            -1,
            -1,
            -1,
            -1,
            -1,
            -1,
            -1,
            -1,
            -1,
            -1,
            -1,
            -1,
            -1,
            22,
            25,
            28,
            30,
            33,
            -1,
            -1,
            -1,
            -1,
            -1,
            -1,
            -1,
            -1,
            -1,
            -1
        ],
        "Preprocess Time": 0.0009999275207519531,
        "Best Constructive Solution": 7807.422557,
        "Construction Runtime": 0.00800180435180664,
        "Improvement Runtime": 3600.527910232544,
        "Overall Runtime": 3600.5359120368958,
        "Feasible Assignments": 6508,
        "PerturbationsRounds": 7811,
        "AcceptanceCounter": 2832,
        "AcceptanceRate": 0.36256561259761877,
        "PackingCalls Construction": 0,
        "PackingCalls Perturbation": 68688,
        "PackingCalls VNS": 10361,
        "NeighborhoodImprovements": {
            "3": 4,
            "2": 1,
            "0": 4,
            "1": 1
        },
        "SuccessfulPerturbations": 6221,
        "TimeToBest": 0.19101190567016602,
        "TimeTo70": 2.349135398864746,
        "ObjectiveAt70": 6460.566227
    }
}