{
    "Config05Problem7_1022": {
        "EarlyEnd": false,
        "Objective Criterion": 2,
        "Objective Value": 6573.866834,
        "Permutation": [
            13,
            21,
            12,
            11,
            15,
            29,
            28,
            27,
            26,
            6,
            25,
            22,
            23,
            20,
            24,
            14,
            32,
            30,
            31,
            4,
            5,
            3,
            18,
            19,
            17,
            8,
            10,
            9,
            7,
            33,
            34,
            1,
            2,
            0,
            16
        ],
        "BatchAllocation": [
            39,
            39,
            39,
            20,
            20,
            20,
            4,
            36,
            36,
            36,
            36,
            1,
            0,
            0,
            18,
            1,
            39,
            21,
            21,
            21,
            7,
            0,
            6,
            6,
            7,
            5,
            3,
            3,
            2,
            2,
            19,
            19,
            19,
            37,
            38
        ],
        "EndIndices": [
            2,
            4,
            6,
            8,
            9,
            10,
            12,
            14,
            -1,
            -1,
            -1,
            -1,
            -1,
            -1,
            -1,
            -1,
            -1,
            -1,
            15,
            18,
            21,
            24,
            -1,
            -1,
            -1,
            -1,
            -1,
            -1,
            -1,
            -1,
            -1,
            -1,
            -1,
            -1,
            -1,
            -1,
            28,
            29,
            30,
            34,
            -1,
            -1,
            -1,
            -1,
            -1,
            -1,
            -1,
            -1,
            -1,
            -1,
            -1,
            -1,
            -1,
            -1
        ],
        "Preprocess Time": 0.0009992122650146484,
        "Best Constructive Solution": 8274.016829,
        "Construction Runtime": 0.01399993896484375,
        "Improvement Runtime": 3600.5035474300385,
        "Overall Runtime": 3600.5175473690033,
        "Feasible Assignments": 640,
        "PerturbationsRounds": 6139,
        "AcceptanceCounter": 507,
        "AcceptanceRate": 0.08258674051148396,
        "PackingCalls Construction": 0,
        "PackingCalls Perturbation": 86016,
        "PackingCalls VNS": 773,
        "NeighborhoodImprovements": {
            "3": 5,
            "2": 3,
            "0": 7,
            "1": 2
        },
        "SuccessfulPerturbations": 6138,
        "TimeToBest": 4.079235076904297,
        "TimeTo70": 7.0234105587005615,
        "ObjectiveAt70": 6573.866834
    }
}