{
    "Config05Problem5_3022": {
        "EarlyEnd": false,
        "Objective Criterion": 2,
        "Objective Value": 4737.885203,
        "Permutation": [
            29,
            15,
            27,
            25,
            30,
            26,
            28,
            6,
            7,
            5,
            18,
            17,
            19,
            33,
            34,
            35,
            4,
            0,
            2,
            3,
            1,
            20,
            9,
            8,
            10,
            16,
            24,
            11,
            21,
            31,
            32,
            12,
            23,
            13,
            22,
            14
        ],
        "BatchAllocation": [
            9,
            12,
            10,
            11,
            8,
            3,
            1,
            2,
            17,
            16,
            17,
            18,
            31,
            31,
            31,
            0,
            18,
            4,
            4,
            4,
            15,
            18,
            31,
            31,
            18,
            0,
            0,
            0,
            0,
            0,
            0,
            30,
            30,
            5,
            6,
            7
        ],
        "EndIndices": [
            6,
            7,
            8,
            9,
            12,
            13,
            14,
            15,
            16,
            17,
            18,
            19,
            20,
            -1,
            -1,
            21,
            22,
            24,
            28,
            -1,
            -1,
            -1,
            -1,
            -1,
            -1,
            -1,
            -1,
            -1,
            -1,
            -1,
            30,
            35,
            -1,
            -1,
            -1,
            -1,
            -1,
            -1,
            -1,
            -1,
            -1,
            -1,
            -1,
            -1,
            -1
        ],
        "Preprocess Time": 0.0,
        "Best Constructive Solution": 7462.024551,
        "Construction Runtime": 0.010998725891113281,
        "Improvement Runtime": 3601.490960121155,
        "Overall Runtime": 3601.501958847046,
        "Feasible Assignments": 2458,
        "PerturbationsRounds": 2504,
        "AcceptanceCounter": 1690,
        "AcceptanceRate": 0.6749201277955271,
        "PackingCalls Construction": 0,
        "PackingCalls Perturbation": 86920,
        "PackingCalls VNS": 3490,
        "NeighborhoodImprovements": {
            "3": 4,
            "2": 1,
            "0": 1,
            "1": 1
        },
        "SuccessfulPerturbations": 2326,
        "TimeToBest": 0.8220479488372803,
        "TimeTo70": 5.4973227977752686,
        "ObjectiveAt70": 4737.885203
    }
}