{
    "Config05Problem2_3022": {
        "EarlyEnd": false,
        "Objective Criterion": 2,
        "Objective Value": 6955.048714,
        "Permutation": [
            13,
            11,
            14,
            12,
            35,
            36,
            37,
            34,
            22,
            21,
            19,
            25,
            9,
            16,
            10,
            0,
            15,
            30,
            31,
            28,
            29,
            2,
            1,
            3,
            32,
            6,
            33,
            4,
            7,
            5,
            8,
            27,
            26,
            23,
            20,
            18,
            24,
            17
        ],
        "BatchAllocation": [
            12,
            23,
            23,
            23,
            24,
            24,
            24,
            24,
            24,
            11,
            12,
            0,
            0,
            0,
            0,
            13,
            12,
            25,
            25,
            3,
            25,
            2,
            2,
            25,
            25,
            3,
            25,
            25,
            22,
            22,
            22,
            22,
            24,
            24,
            1,
            1,
            1,
            1
        ],
        "EndIndices": [
            3,
            7,
            9,
            11,
            -1,
            -1,
            -1,
            -1,
            -1,
            -1,
            -1,
            12,
            15,
            16,
            -1,
            -1,
            -1,
            -1,
            -1,
            -1,
            -1,
            -1,
            20,
            23,
            30,
            37,
            -1,
            -1,
            -1,
            -1,
            -1,
            -1,
            -1
        ],
        "Preprocess Time": 0.0,
        "Best Constructive Solution": 10447.930675,
        "Construction Runtime": 0.009998321533203125,
        "Improvement Runtime": 3600.1260755062103,
        "Overall Runtime": 3600.1360738277435,
        "Feasible Assignments": 243097,
        "PerturbationsRounds": 5488,
        "AcceptanceCounter": 371,
        "AcceptanceRate": 0.06760204081632654,
        "PackingCalls Construction": 0,
        "PackingCalls Perturbation": 7188,
        "PackingCalls VNS": 242235,
        "NeighborhoodImprovements": {
            "3": 8,
            "2": 4,
            "0": 9,
            "1": 1
        },
        "SuccessfulPerturbations": 5479,
        "TimeToBest": 2.3931379318237305,
        "TimeTo70": 11.305650234222412,
        "ObjectiveAt70": 6955.048714
    }
}