{
    "Config05Problem5_4022": {
        "EarlyEnd": false,
        "Objective Criterion": 2,
        "Objective Value": 4737.885203,
        "Permutation": [
            29,
            28,
            26,
            25,
            15,
            30,
            27,
            6,
            7,
            5,
            17,
            19,
            18,
            33,
            34,
            35,
            3,
            0,
            1,
            2,
            4,
            10,
            8,
            9,
            11,
            22,
            21,
            23,
            20,
            14,
            16,
            13,
            24,
            12,
            32,
            31
        ],
        "BatchAllocation": [
            9,
            10,
            11,
            8,
            12,
            3,
            1,
            2,
            15,
            16,
            15,
            17,
            30,
            30,
            17,
            0,
            30,
            4,
            4,
            4,
            17,
            17,
            17,
            17,
            30,
            0,
            0,
            0,
            0,
            0,
            0,
            31,
            31,
            5,
            6,
            7
        ],
        "EndIndices": [
            6,
            7,
            8,
            9,
            12,
            13,
            14,
            15,
            16,
            17,
            18,
            19,
            20,
            -1,
            -1,
            22,
            23,
            29,
            -1,
            -1,
            -1,
            -1,
            -1,
            -1,
            -1,
            -1,
            -1,
            -1,
            -1,
            -1,
            33,
            35,
            -1,
            -1,
            -1,
            -1,
            -1,
            -1,
            -1,
            -1,
            -1,
            -1,
            -1,
            -1,
            -1
        ],
        "Preprocess Time": 0.0,
        "Best Constructive Solution": 7462.024551,
        "Construction Runtime": 0.010999679565429688,
        "Improvement Runtime": 3600.2187201976776,
        "Overall Runtime": 3600.229719877243,
        "Feasible Assignments": 2369,
        "PerturbationsRounds": 2592,
        "AcceptanceCounter": 1718,
        "AcceptanceRate": 0.6628086419753086,
        "PackingCalls Construction": 0,
        "PackingCalls Perturbation": 86961,
        "PackingCalls VNS": 3459,
        "NeighborhoodImprovements": {
            "3": 6,
            "2": 2,
            "0": 1,
            "1": 3
        },
        "SuccessfulPerturbations": 2103,
        "TimeToBest": 3.035177230834961,
        "TimeTo70": 8.578495979309082,
        "ObjectiveAt70": 4737.885203
    }
}