{
    "Config05Problem7_4022": {
        "EarlyEnd": false,
        "Objective Criterion": 2,
        "Objective Value": 6573.866834,
        "Permutation": [
            12,
            13,
            21,
            11,
            15,
            29,
            26,
            27,
            28,
            6,
            25,
            24,
            22,
            20,
            23,
            14,
            32,
            31,
            30,
            5,
            4,
            3,
            18,
            17,
            19,
            9,
            10,
            7,
            8,
            34,
            33,
            2,
            0,
            1,
            16
        ],
        "BatchAllocation": [
            39,
            39,
            39,
            20,
            20,
            20,
            4,
            36,
            36,
            36,
            36,
            1,
            0,
            0,
            18,
            1,
            39,
            21,
            21,
            21,
            7,
            0,
            6,
            7,
            5,
            5,
            2,
            3,
            3,
            2,
            19,
            19,
            19,
            38,
            37
        ],
        "EndIndices": [
            2,
            4,
            6,
            8,
            9,
            11,
            12,
            14,
            -1,
            -1,
            -1,
            -1,
            -1,
            -1,
            -1,
            -1,
            -1,
            -1,
            15,
            18,
            21,
            24,
            -1,
            -1,
            -1,
            -1,
            -1,
            -1,
            -1,
            -1,
            -1,
            -1,
            -1,
            -1,
            -1,
            -1,
            28,
            29,
            30,
            34,
            -1,
            -1,
            -1,
            -1,
            -1,
            -1,
            -1,
            -1,
            -1,
            -1,
            -1,
            -1,
            -1,
            -1
        ],
        "Preprocess Time": 0.0,
        "Best Constructive Solution": 8274.016829,
        "Construction Runtime": 0.009001016616821289,
        "Improvement Runtime": 3601.581791162491,
        "Overall Runtime": 3601.5907921791077,
        "Feasible Assignments": 623,
        "PerturbationsRounds": 6252,
        "AcceptanceCounter": 510,
        "AcceptanceRate": 0.08157389635316699,
        "PackingCalls Construction": 0,
        "PackingCalls Perturbation": 86382,
        "PackingCalls VNS": 777,
        "NeighborhoodImprovements": {
            "3": 4,
            "2": 3,
            "0": 5,
            "1": 3
        },
        "SuccessfulPerturbations": 6248,
        "TimeToBest": 2.862165689468384,
        "TimeTo70": 5.689326524734497,
        "ObjectiveAt70": 6573.866834
    }
}