{
    "Config05Problem3_1022": {
        "EarlyEnd": false,
        "Objective Criterion": 2,
        "Objective Value": 6460.566227,
        "Permutation": [
            2,
            15,
            16,
            3,
            22,
            21,
            4,
            23,
            6,
            5,
            24,
            25,
            31,
            32,
            33,
            10,
            0,
            1,
            11,
            12,
            13,
            14,
            19,
            20,
            17,
            18,
            9,
            7,
            8,
            26,
            27,
            29,
            30,
            28
        ],
        "BatchAllocation": [
            30,
            30,
            0,
            0,
            2,
            3,
            3,
            32,
            32,
            32,
            16,
            30,
            30,
            30,
            30,
            0,
            0,
            31,
            31,
            30,
            31,
            1,
            1,
            2,
            4,
            4,
            33,
            33,
            34,
            34,
            34,
            15,
            15,
            15
        ],
        "EndIndices": [
            3,
            5,
            7,
            9,
            11,
            -1,
            -1,
            -1,
            -1,
            -1,
            -1,
            -1,
            -1,
            -1,
            -1,
            14,
            15,
            -1,
            -1,
            -1,
            -1,
            -1,
            -1,
            -1,
            -1,
            -1,
            -1,
            -1,
            -1,
            -1,
            22,
            25,
            28,
            30,
            33,
            -1,
            -1,
            -1,
            -1,
            -1,
            -1,
            -1,
            -1,
            -1,
            -1
        ],
        "Preprocess Time": 0.0,
        "Best Constructive Solution": 9594.721946,
        "Construction Runtime": 0.008984565734863281,
        "Improvement Runtime": 3600.5955390930176,
        "Overall Runtime": 3600.6045236587524,
        "Feasible Assignments": 6119,
        "PerturbationsRounds": 8189,
        "AcceptanceCounter": 3013,
        "AcceptanceRate": 0.367932592502137,
        "PackingCalls Construction": 0,
        "PackingCalls Perturbation": 70556,
        "PackingCalls VNS": 10309,
        "NeighborhoodImprovements": {
            "3": 3,
            "2": 1,
            "0": 2,
            "1": 2
        },
        "SuccessfulPerturbations": 6480,
        "TimeToBest": 0.20899748802185059,
        "TimeTo70": 2.3811252117156982,
        "ObjectiveAt70": 6460.566227
    }
}