{
    "Config05Problem8_3022": {
        "EarlyEnd": false,
        "Objective Criterion": 2,
        "Objective Value": 5980.403307,
        "Permutation": [
            5,
            41,
            23,
            25,
            39,
            38,
            40,
            16,
            26,
            22,
            24,
            6,
            8,
            7,
            9,
            10,
            44,
            43,
            30,
            33,
            31,
            32,
            18,
            21,
            20,
            19,
            11,
            15,
            13,
            14,
            12,
            3,
            1,
            0,
            4,
            2,
            34,
            35,
            36,
            37,
            42,
            28,
            17,
            27,
            29
        ],
        "BatchAllocation": [
            17,
            17,
            17,
            17,
            17,
            0,
            13,
            13,
            13,
            13,
            13,
            16,
            16,
            16,
            16,
            16,
            1,
            29,
            15,
            15,
            15,
            15,
            1,
            0,
            1,
            0,
            1,
            29,
            28,
            29,
            14,
            14,
            14,
            14,
            26,
            27,
            27,
            27,
            1,
            1,
            1,
            0,
            28,
            13,
            13
        ],
        "EndIndices": [
            3,
            10,
            -1,
            -1,
            -1,
            -1,
            -1,
            -1,
            -1,
            -1,
            -1,
            -1,
            -1,
            17,
            21,
            25,
            30,
            35,
            -1,
            -1,
            -1,
            -1,
            -1,
            -1,
            -1,
            -1,
            36,
            39,
            41,
            44,
            -1,
            -1,
            -1,
            -1,
            -1,
            -1,
            -1,
            -1,
            -1
        ],
        "Preprocess Time": 0.0010001659393310547,
        "Best Constructive Solution": 11247.172609,
        "Construction Runtime": 0.009999990463256836,
        "Improvement Runtime": 3600.0210688114166,
        "Overall Runtime": 3600.03106880188,
        "Feasible Assignments": 43897,
        "PerturbationsRounds": 48529,
        "AcceptanceCounter": 11240,
        "AcceptanceRate": 0.23161408642255146,
        "PackingCalls Construction": 0,
        "PackingCalls Perturbation": 26109,
        "PackingCalls VNS": 42539,
        "NeighborhoodImprovements": {
            "3": 4,
            "2": 3,
            "0": 5,
            "1": 2
        },
        "SuccessfulPerturbations": 48529,
        "TimeToBest": 4.274246454238892,
        "TimeTo70": 1.715099811553955,
        "ObjectiveAt70": 7559.892698
    }
}