{
    "Config05Problem5_2022": {
        "EarlyEnd": false,
        "Objective Criterion": 2,
        "Objective Value": 4737.885203,
        "Permutation": [
            26,
            30,
            29,
            27,
            25,
            28,
            15,
            6,
            7,
            5,
            19,
            17,
            18,
            33,
            35,
            34,
            2,
            4,
            0,
            3,
            1,
            9,
            11,
            13,
            21,
            10,
            8,
            23,
            14,
            16,
            22,
            20,
            12,
            31,
            32,
            24
        ],
        "BatchAllocation": [
            10,
            12,
            8,
            11,
            9,
            3,
            1,
            2,
            17,
            15,
            17,
            16,
            30,
            16,
            30,
            0,
            30,
            4,
            4,
            4,
            30,
            16,
            30,
            30,
            32,
            0,
            0,
            0,
            0,
            0,
            0,
            31,
            31,
            5,
            7,
            6
        ],
        "EndIndices": [
            6,
            7,
            8,
            9,
            12,
            13,
            14,
            15,
            16,
            17,
            18,
            19,
            20,
            -1,
            -1,
            21,
            24,
            26,
            -1,
            -1,
            -1,
            -1,
            -1,
            -1,
            -1,
            -1,
            -1,
            -1,
            -1,
            -1,
            32,
            34,
            35,
            -1,
            -1,
            -1,
            -1,
            -1,
            -1,
            -1,
            -1,
            -1,
            -1,
            -1,
            -1
        ],
        "Preprocess Time": 0.0,
        "Best Constructive Solution": 7121.315258,
        "Construction Runtime": 0.009005546569824219,
        "Improvement Runtime": 3605.333293199539,
        "Overall Runtime": 3605.342298746109,
        "Feasible Assignments": 2360,
        "PerturbationsRounds": 2428,
        "AcceptanceCounter": 1605,
        "AcceptanceRate": 0.6610378912685337,
        "PackingCalls Construction": 0,
        "PackingCalls Perturbation": 85425,
        "PackingCalls VNS": 3325,
        "NeighborhoodImprovements": {
            "3": 1,
            "2": 1,
            "0": 1,
            "1": 1
        },
        "SuccessfulPerturbations": 2241,
        "TimeToBest": 0.15500450134277344,
        "TimeTo70": 5.56431770324707,
        "ObjectiveAt70": 4737.885203
    }
}