{
    "Config05Problem5_1022": {
        "EarlyEnd": false,
        "Objective Criterion": 2,
        "Objective Value": 4737.885203,
        "Permutation": [
            29,
            30,
            15,
            28,
            26,
            27,
            25,
            6,
            7,
            5,
            18,
            17,
            19,
            34,
            35,
            33,
            2,
            0,
            4,
            1,
            3,
            9,
            8,
            10,
            12,
            13,
            21,
            11,
            14,
            20,
            16,
            24,
            23,
            22,
            31,
            32
        ],
        "BatchAllocation": [
            9,
            11,
            8,
            12,
            10,
            3,
            1,
            2,
            15,
            15,
            16,
            30,
            17,
            17,
            30,
            0,
            30,
            4,
            4,
            4,
            30,
            17,
            31,
            30,
            30,
            0,
            0,
            0,
            0,
            0,
            0,
            32,
            32,
            7,
            5,
            6
        ],
        "EndIndices": [
            6,
            7,
            8,
            9,
            12,
            13,
            14,
            15,
            16,
            17,
            18,
            19,
            20,
            -1,
            -1,
            22,
            23,
            26,
            -1,
            -1,
            -1,
            -1,
            -1,
            -1,
            -1,
            -1,
            -1,
            -1,
            -1,
            -1,
            32,
            33,
            35,
            -1,
            -1,
            -1,
            -1,
            -1,
            -1,
            -1,
            -1,
            -1,
            -1,
            -1,
            -1
        ],
        "Preprocess Time": 0.0,
        "Best Constructive Solution": 7462.024551,
        "Construction Runtime": 0.010000944137573242,
        "Improvement Runtime": 3600.930563688278,
        "Overall Runtime": 3600.9405646324158,
        "Feasible Assignments": 2325,
        "PerturbationsRounds": 2535,
        "AcceptanceCounter": 1710,
        "AcceptanceRate": 0.6745562130177515,
        "PackingCalls Construction": 0,
        "PackingCalls Perturbation": 86241,
        "PackingCalls VNS": 3457,
        "NeighborhoodImprovements": {
            "3": 3,
            "2": 2,
            "0": 1,
            "1": 3
        },
        "SuccessfulPerturbations": 2351,
        "TimeToBest": 3.1621882915496826,
        "TimeTo70": 8.784504890441895,
        "ObjectiveAt70": 4737.885203
    }
}