{
    "Config05Problem9_2022": {
        "EarlyEnd": false,
        "Objective Criterion": 2,
        "Objective Value": 4024.711834,
        "Permutation": [
            10,
            12,
            13,
            2,
            0,
            4,
            11,
            3,
            1,
            15,
            14,
            16,
            34,
            30,
            33,
            32,
            31,
            6,
            7,
            8,
            9,
            21,
            23,
            20,
            24,
            22,
            5,
            28,
            29,
            25,
            27,
            26,
            17,
            18,
            19
        ],
        "BatchAllocation": [
            0,
            0,
            0,
            0,
            0,
            26,
            13,
            13,
            13,
            14,
            0,
            0,
            0,
            0,
            2,
            1,
            2,
            28,
            28,
            28,
            15,
            14,
            15,
            15,
            15,
            27,
            27,
            27,
            27,
            27,
            4,
            5,
            5,
            4,
            3
        ],
        "EndIndices": [
            8,
            9,
            11,
            12,
            14,
            16,
            -1,
            -1,
            -1,
            -1,
            -1,
            -1,
            -1,
            19,
            21,
            25,
            -1,
            -1,
            -1,
            -1,
            -1,
            -1,
            -1,
            -1,
            -1,
            -1,
            26,
            31,
            34,
            -1,
            -1,
            -1,
            -1,
            -1,
            -1,
            -1,
            -1,
            -1,
            -1
        ],
        "Preprocess Time": 0.0,
        "Best Constructive Solution": 6692.178073,
        "Construction Runtime": 0.007999897003173828,
        "Improvement Runtime": 3600.719032049179,
        "Overall Runtime": 3600.7270319461823,
        "Feasible Assignments": 1670,
        "PerturbationsRounds": 13679,
        "AcceptanceCounter": 3885,
        "AcceptanceRate": 0.28401198918049564,
        "PackingCalls Construction": 0,
        "PackingCalls Perturbation": 75968,
        "PackingCalls VNS": 1774,
        "NeighborhoodImprovements": {
            "3": 3,
            "2": 3,
            "0": 1,
            "1": 1
        },
        "SuccessfulPerturbations": 13677,
        "TimeToBest": 0.17401647567749023,
        "TimeTo70": 1.351081132888794,
        "ObjectiveAt70": 4024.711834
    }
}