{
    "Config05Problem2_22": {
        "EarlyEnd": false,
        "Objective Criterion": 2,
        "Objective Value": 6722.413162,
        "Permutation": [
            36,
            35,
            37,
            34,
            12,
            11,
            6,
            7,
            14,
            25,
            18,
            24,
            21,
            22,
            16,
            0,
            9,
            10,
            15,
            33,
            32,
            30,
            31,
            29,
            28,
            1,
            3,
            2,
            13,
            8,
            4,
            5,
            27,
            26,
            17,
            19,
            23,
            20
        ],
        "BatchAllocation": [
            11,
            24,
            24,
            24,
            25,
            25,
            1,
            1,
            25,
            11,
            11,
            1,
            1,
            25,
            1,
            12,
            11,
            26,
            2,
            26,
            26,
            3,
            3,
            26,
            2,
            2,
            26,
            26,
            23,
            23,
            23,
            23,
            22,
            22,
            0,
            0,
            0,
            0
        ],
        "EndIndices": [
            3,
            8,
            11,
            13,
            -1,
            -1,
            -1,
            -1,
            -1,
            -1,
            -1,
            17,
            18,
            -1,
            -1,
            -1,
            -1,
            -1,
            -1,
            -1,
            -1,
            -1,
            20,
            24,
            27,
            31,
            37,
            -1,
            -1,
            -1,
            -1,
            -1,
            -1
        ],
        "Preprocess Time": 0.0,
        "Best Constructive Solution": 10725.206741,
        "Construction Runtime": 0.007998466491699219,
        "Improvement Runtime": 3600.2585175037384,
        "Overall Runtime": 3600.26651597023,
        "Feasible Assignments": 212611,
        "PerturbationsRounds": 4922,
        "AcceptanceCounter": 170,
        "AcceptanceRate": 0.034538805363673306,
        "PackingCalls Construction": 0,
        "PackingCalls Perturbation": 5746,
        "PackingCalls VNS": 211848,
        "NeighborhoodImprovements": {
            "3": 7,
            "2": 6,
            "0": 10,
            "1": 2
        },
        "SuccessfulPerturbations": 4922,
        "TimeToBest": 1.8380539417266846,
        "TimeTo70": 12.030381202697754,
        "ObjectiveAt70": 6722.413162
    }
}