{
    "Config05Problem2_2022": {
        "EarlyEnd": false,
        "Objective Criterion": 2,
        "Objective Value": 6955.048714,
        "Permutation": [
            12,
            11,
            13,
            14,
            34,
            35,
            36,
            37,
            21,
            22,
            17,
            23,
            9,
            0,
            15,
            16,
            10,
            30,
            28,
            31,
            29,
            2,
            3,
            1,
            33,
            4,
            8,
            5,
            6,
            7,
            32,
            27,
            25,
            24,
            26,
            18,
            19,
            20
        ],
        "BatchAllocation": [
            11,
            23,
            23,
            23,
            24,
            24,
            24,
            24,
            24,
            11,
            13,
            0,
            0,
            0,
            0,
            12,
            13,
            3,
            25,
            25,
            25,
            2,
            2,
            3,
            25,
            25,
            25,
            25,
            22,
            22,
            22,
            22,
            24,
            24,
            1,
            1,
            1,
            1
        ],
        "EndIndices": [
            3,
            7,
            9,
            11,
            -1,
            -1,
            -1,
            -1,
            -1,
            -1,
            -1,
            13,
            14,
            16,
            -1,
            -1,
            -1,
            -1,
            -1,
            -1,
            -1,
            -1,
            20,
            23,
            30,
            37,
            -1,
            -1,
            -1,
            -1,
            -1,
            -1,
            -1
        ],
        "Preprocess Time": 0.0009996891021728516,
        "Best Constructive Solution": 10412.761822,
        "Construction Runtime": 0.009000062942504883,
        "Improvement Runtime": 3600.4440121650696,
        "Overall Runtime": 3600.453012228012,
        "Feasible Assignments": 237914,
        "PerturbationsRounds": 5360,
        "AcceptanceCounter": 479,
        "AcceptanceRate": 0.08936567164179104,
        "PackingCalls Construction": 0,
        "PackingCalls Perturbation": 7006,
        "PackingCalls VNS": 237245,
        "NeighborhoodImprovements": {
            "3": 9,
            "2": 2,
            "0": 11,
            "1": 2
        },
        "SuccessfulPerturbations": 5358,
        "TimeToBest": 18.648956060409546,
        "TimeTo70": 30.74557614326477,
        "ObjectiveAt70": 6955.048714
    }
}