{
    "Config05Problem7_22": {
        "EarlyEnd": false,
        "Objective Criterion": 2,
        "Objective Value": 6509.439432,
        "Permutation": [
            13,
            21,
            12,
            11,
            15,
            6,
            24,
            22,
            25,
            23,
            20,
            29,
            26,
            27,
            28,
            14,
            4,
            3,
            5,
            17,
            18,
            19,
            30,
            32,
            31,
            10,
            8,
            7,
            9,
            2,
            1,
            0,
            16,
            34,
            33
        ],
        "BatchAllocation": [
            37,
            37,
            37,
            19,
            19,
            19,
            2,
            36,
            36,
            36,
            36,
            1,
            0,
            0,
            18,
            1,
            38,
            20,
            20,
            20,
            4,
            0,
            3,
            4,
            2,
            3,
            5,
            6,
            6,
            5,
            21,
            21,
            21,
            40,
            39
        ],
        "EndIndices": [
            2,
            4,
            6,
            8,
            10,
            12,
            14,
            -1,
            -1,
            -1,
            -1,
            -1,
            -1,
            -1,
            -1,
            -1,
            -1,
            -1,
            15,
            18,
            21,
            24,
            -1,
            -1,
            -1,
            -1,
            -1,
            -1,
            -1,
            -1,
            -1,
            -1,
            -1,
            -1,
            -1,
            -1,
            28,
            31,
            32,
            33,
            34,
            -1,
            -1,
            -1,
            -1,
            -1,
            -1,
            -1,
            -1,
            -1,
            -1,
            -1,
            -1,
            -1
        ],
        "Preprocess Time": 0.0,
        "Best Constructive Solution": 8274.016829,
        "Construction Runtime": 0.009001016616821289,
        "Improvement Runtime": 3601.1875779628754,
        "Overall Runtime": 3601.196578979492,
        "Feasible Assignments": 627,
        "PerturbationsRounds": 7614,
        "AcceptanceCounter": 520,
        "AcceptanceRate": 0.06829524560021014,
        "PackingCalls Construction": 0,
        "PackingCalls Perturbation": 85660,
        "PackingCalls VNS": 780,
        "NeighborhoodImprovements": {
            "3": 8,
            "2": 2,
            "0": 5,
            "1": 3
        },
        "SuccessfulPerturbations": 7604,
        "TimeToBest": 5.685334205627441,
        "TimeTo70": 4.233249664306641,
        "ObjectiveAt70": 6639.796294
    }
}