{
    "Config05Problem9_22": {
        "EarlyEnd": false,
        "Objective Criterion": 2,
        "Objective Value": 4024.711834,
        "Permutation": [
            0,
            10,
            12,
            13,
            2,
            11,
            4,
            3,
            1,
            14,
            15,
            16,
            34,
            33,
            31,
            32,
            30,
            8,
            5,
            7,
            24,
            9,
            22,
            21,
            20,
            23,
            27,
            26,
            6,
            28,
            29,
            25,
            19,
            17,
            18
        ],
        "BatchAllocation": [
            0,
            0,
            0,
            0,
            0,
            13,
            26,
            13,
            13,
            14,
            0,
            0,
            0,
            0,
            1,
            2,
            2,
            28,
            28,
            28,
            15,
            15,
            15,
            15,
            14,
            27,
            26,
            26,
            27,
            27,
            5,
            4,
            5,
            4,
            3
        ],
        "EndIndices": [
            8,
            9,
            11,
            12,
            14,
            16,
            -1,
            -1,
            -1,
            -1,
            -1,
            -1,
            -1,
            19,
            21,
            25,
            -1,
            -1,
            -1,
            -1,
            -1,
            -1,
            -1,
            -1,
            -1,
            -1,
            28,
            31,
            34,
            -1,
            -1,
            -1,
            -1,
            -1,
            -1,
            -1,
            -1,
            -1,
            -1
        ],
        "Preprocess Time": 0.0010013580322265625,
        "Best Constructive Solution": 6692.178073,
        "Construction Runtime": 0.0070002079010009766,
        "Improvement Runtime": 3600.156517982483,
        "Overall Runtime": 3600.163518190384,
        "Feasible Assignments": 1561,
        "PerturbationsRounds": 13931,
        "AcceptanceCounter": 4616,
        "AcceptanceRate": 0.3313473548201852,
        "PackingCalls Construction": 0,
        "PackingCalls Perturbation": 79944,
        "PackingCalls VNS": 1637,
        "NeighborhoodImprovements": {
            "3": 2,
            "2": 4,
            "0": 4,
            "1": 3
        },
        "SuccessfulPerturbations": 13928,
        "TimeToBest": 0.8820500373840332,
        "TimeTo70": 2.099120855331421,
        "ObjectiveAt70": 4024.711834
    }
}