{
    "Config02Problem1_2022": {
        "EarlyEnd": false,
        "Objective Criterion": 2,
        "Objective Value": 5140.057074,
        "Permutation": [
            34,
            32,
            33,
            36,
            35,
            20,
            21,
            7,
            13,
            14,
            15,
            16,
            17,
            19,
            0,
            18,
            6,
            3,
            5,
            4,
            2,
            12,
            11,
            26,
            8,
            9,
            10,
            30,
            31,
            1,
            22,
            24,
            28,
            29,
            27,
            23,
            25
        ],
        "BatchAllocation": [
            18,
            37,
            20,
            19,
            20,
            19,
            19,
            7,
            37,
            37,
            37,
            21,
            21,
            8,
            8,
            8,
            8,
            8,
            18,
            18,
            5,
            6,
            37,
            39,
            38,
            39,
            36,
            38,
            38,
            38,
            37,
            37,
            1,
            2,
            0,
            4,
            3
        ],
        "EndIndices": [
            0,
            1,
            2,
            3,
            4,
            5,
            6,
            7,
            12,
            -1,
            -1,
            -1,
            -1,
            -1,
            -1,
            -1,
            -1,
            -1,
            15,
            18,
            20,
            22,
            -1,
            -1,
            -1,
            -1,
            -1,
            -1,
            -1,
            -1,
            -1,
            -1,
            -1,
            -1,
            -1,
            -1,
            23,
            30,
            34,
            36,
            -1,
            -1,
            -1,
            -1,
            -1,
            -1,
            -1,
            -1,
            -1,
            -1,
            -1,
            -1,
            -1,
            -1
        ],
        "Preprocess Time": 0.0,
        "Best Constructive Solution": 10975.433837,
        "Construction Runtime": 0.015014886856079102,
        "Improvement Runtime": 3600.9544093608856,
        "Overall Runtime": 3600.9694242477417,
        "Feasible Assignments": 12990,
        "PerturbationsRounds": 4100,
        "AcceptanceCounter": 2430,
        "AcceptanceRate": 0.5926829268292683,
        "PackingCalls Construction": 0,
        "PackingCalls Perturbation": 92594,
        "PackingCalls VNS": 21274,
        "NeighborhoodImprovements": {
            "3": 1,
            "2": 1,
            "0": 2,
            "1": 1
        },
        "SuccessfulPerturbations": 3783,
        "TimeToBest": 0.2582554817199707,
        "TimeTo70": 5.8838255405426025,
        "ObjectiveAt70": 5140.057074
    }
}