{
    "Config02Problem6_4022": {
        "EarlyEnd": false,
        "Objective Criterion": 2,
        "Objective Value": 6311.24263,
        "Permutation": [
            37,
            9,
            38,
            39,
            8,
            40,
            41,
            5,
            21,
            24,
            23,
            25,
            22,
            10,
            11,
            12,
            14,
            13,
            19,
            18,
            20,
            17,
            31,
            36,
            30,
            32,
            0,
            6,
            3,
            7,
            2,
            4,
            1,
            27,
            16,
            26,
            15,
            28,
            34,
            33,
            29,
            35
        ],
        "BatchAllocation": [
            24,
            24,
            24,
            24,
            24,
            1,
            24,
            24,
            0,
            0,
            12,
            12,
            12,
            12,
            12,
            26,
            25,
            13,
            13,
            13,
            13,
            2,
            4,
            3,
            3,
            4,
            26,
            25,
            26,
            27,
            14,
            14,
            14,
            27,
            27,
            27,
            14,
            0,
            0,
            0,
            0,
            0
        ],
        "EndIndices": [
            6,
            7,
            8,
            10,
            12,
            -1,
            -1,
            -1,
            -1,
            -1,
            -1,
            -1,
            17,
            21,
            25,
            -1,
            -1,
            -1,
            -1,
            -1,
            -1,
            -1,
            -1,
            -1,
            32,
            34,
            37,
            41,
            -1,
            -1,
            -1,
            -1,
            -1,
            -1,
            -1,
            -1
        ],
        "Preprocess Time": 0.0,
        "Best Constructive Solution": 12999.317601,
        "Construction Runtime": 0.013013124465942383,
        "Improvement Runtime": 3601.797239780426,
        "Overall Runtime": 3601.810252904892,
        "Feasible Assignments": 265831,
        "PerturbationsRounds": 950,
        "AcceptanceCounter": 79,
        "AcceptanceRate": 0.08315789473684211,
        "PackingCalls Construction": 0,
        "PackingCalls Perturbation": 3780,
        "PackingCalls VNS": 272106,
        "NeighborhoodImprovements": {
            "3": 8,
            "2": 6,
            "0": 12,
            "1": 11
        },
        "SuccessfulPerturbations": 950,
        "TimeToBest": 902.2608513832092,
        "TimeTo70": 73.21545314788818,
        "ObjectiveAt70": 6826.961823
    }
}