{
    "Config02Problem1_4022": {
        "EarlyEnd": false,
        "Objective Criterion": 2,
        "Objective Value": 5140.057074,
        "Permutation": [
            34,
            32,
            33,
            35,
            36,
            20,
            21,
            7,
            13,
            14,
            15,
            16,
            17,
            19,
            0,
            18,
            6,
            2,
            5,
            3,
            4,
            11,
            12,
            1,
            25,
            31,
            27,
            29,
            23,
            24,
            8,
            9,
            10,
            30,
            26,
            28,
            22
        ],
        "BatchAllocation": [
            18,
            36,
            19,
            20,
            20,
            19,
            19,
            7,
            38,
            38,
            38,
            21,
            21,
            8,
            8,
            8,
            8,
            8,
            18,
            18,
            5,
            6,
            38,
            37,
            37,
            36,
            38,
            37,
            38,
            37,
            38,
            37,
            1,
            2,
            0,
            3,
            4
        ],
        "EndIndices": [
            0,
            1,
            2,
            3,
            4,
            5,
            6,
            7,
            12,
            -1,
            -1,
            -1,
            -1,
            -1,
            -1,
            -1,
            -1,
            -1,
            15,
            18,
            20,
            22,
            -1,
            -1,
            -1,
            -1,
            -1,
            -1,
            -1,
            -1,
            -1,
            -1,
            -1,
            -1,
            -1,
            -1,
            24,
            29,
            36,
            -1,
            -1,
            -1,
            -1,
            -1,
            -1,
            -1,
            -1,
            -1,
            -1,
            -1,
            -1,
            -1,
            -1,
            -1
        ],
        "Preprocess Time": 0.0,
        "Best Constructive Solution": 10270.319045,
        "Construction Runtime": 0.015013933181762695,
        "Improvement Runtime": 3601.71617269516,
        "Overall Runtime": 3601.7311866283417,
        "Feasible Assignments": 12495,
        "PerturbationsRounds": 4196,
        "AcceptanceCounter": 2496,
        "AcceptanceRate": 0.5948522402287894,
        "PackingCalls Construction": 0,
        "PackingCalls Perturbation": 94653,
        "PackingCalls VNS": 21029,
        "NeighborhoodImprovements": {
            "3": 1,
            "2": 1,
            "0": 2,
            "1": 1
        },
        "SuccessfulPerturbations": 3331,
        "TimeToBest": 0.23022866249084473,
        "TimeTo70": 5.118065118789673,
        "ObjectiveAt70": 5140.057074
    }
}