{
    "Config02Problem1_22": {
        "EarlyEnd": false,
        "Objective Criterion": 2,
        "Objective Value": 5140.057074,
        "Permutation": [
            34,
            32,
            33,
            35,
            36,
            21,
            20,
            7,
            13,
            14,
            15,
            17,
            16,
            0,
            19,
            18,
            6,
            2,
            5,
            3,
            4,
            12,
            11,
            1,
            24,
            22,
            9,
            10,
            25,
            27,
            29,
            28,
            8,
            30,
            26,
            31,
            23
        ],
        "BatchAllocation": [
            18,
            36,
            19,
            20,
            20,
            19,
            19,
            7,
            38,
            37,
            37,
            21,
            21,
            8,
            8,
            8,
            8,
            8,
            18,
            18,
            6,
            5,
            37,
            38,
            36,
            37,
            38,
            37,
            37,
            37,
            38,
            38,
            1,
            2,
            0,
            3,
            4
        ],
        "EndIndices": [
            0,
            1,
            2,
            3,
            4,
            5,
            6,
            7,
            12,
            -1,
            -1,
            -1,
            -1,
            -1,
            -1,
            -1,
            -1,
            -1,
            15,
            18,
            20,
            22,
            -1,
            -1,
            -1,
            -1,
            -1,
            -1,
            -1,
            -1,
            -1,
            -1,
            -1,
            -1,
            -1,
            -1,
            24,
            31,
            36,
            -1,
            -1,
            -1,
            -1,
            -1,
            -1,
            -1,
            -1,
            -1,
            -1,
            -1,
            -1,
            -1,
            -1,
            -1
        ],
        "Preprocess Time": 0.0,
        "Best Constructive Solution": 12267.049396,
        "Construction Runtime": 0.029027938842773438,
        "Improvement Runtime": 3600.5064873695374,
        "Overall Runtime": 3600.53551530838,
        "Feasible Assignments": 12625,
        "PerturbationsRounds": 4171,
        "AcceptanceCounter": 2457,
        "AcceptanceRate": 0.5890673699352673,
        "PackingCalls Construction": 0,
        "PackingCalls Perturbation": 92295,
        "PackingCalls VNS": 21489,
        "NeighborhoodImprovements": {
            "3": 2,
            "2": 1,
            "0": 2,
            "1": 1
        },
        "SuccessfulPerturbations": 3356,
        "TimeToBest": 0.31431031227111816,
        "TimeTo70": 6.96889591217041,
        "ObjectiveAt70": 5140.057074
    }
}