{
    "Config02Problem9_4022": {
        "EarlyEnd": false,
        "Objective Criterion": 2,
        "Objective Value": 3287.311288,
        "Permutation": [
            41,
            18,
            33,
            34,
            4,
            5,
            24,
            25,
            1,
            32,
            26,
            27,
            28,
            29,
            30,
            31,
            35,
            36,
            37,
            38,
            39,
            40,
            7,
            8,
            9,
            10,
            11,
            12,
            14,
            15,
            16,
            6,
            13,
            23,
            20,
            21,
            19,
            22,
            3,
            2,
            0,
            17
        ],
        "BatchAllocation": [
            22,
            2,
            22,
            22,
            1,
            1,
            12,
            12,
            12,
            12,
            12,
            12,
            12,
            12,
            12,
            12,
            12,
            22,
            1,
            13,
            13,
            13,
            13,
            13,
            1,
            1,
            3,
            3,
            3,
            11,
            11,
            11,
            3,
            1,
            1,
            11,
            11,
            11,
            11,
            11,
            11,
            0
        ],
        "EndIndices": [
            0,
            7,
            8,
            12,
            -1,
            -1,
            -1,
            -1,
            -1,
            -1,
            -1,
            21,
            32,
            37,
            -1,
            -1,
            -1,
            -1,
            -1,
            -1,
            -1,
            -1,
            41,
            -1,
            -1,
            -1,
            -1,
            -1,
            -1,
            -1,
            -1,
            -1,
            -1
        ],
        "Preprocess Time": 0.0,
        "Best Constructive Solution": 5280.765338,
        "Construction Runtime": 0.011001110076904297,
        "Improvement Runtime": 3605.122271299362,
        "Overall Runtime": 3605.133272409439,
        "Feasible Assignments": 238634,
        "PerturbationsRounds": 6898,
        "AcceptanceCounter": 2904,
        "AcceptanceRate": 0.4209915917657292,
        "PackingCalls Construction": 0,
        "PackingCalls Perturbation": 11507,
        "PackingCalls VNS": 235602,
        "NeighborhoodImprovements": {
            "3": 2,
            "2": 2,
            "0": 3,
            "1": 1
        },
        "SuccessfulPerturbations": 6898,
        "TimeToBest": 1.1370656490325928,
        "TimeTo70": 6.670383930206299,
        "ObjectiveAt70": 3287.311288
    }
}