{
    "Config02Problem2_2022": {
        "EarlyEnd": false,
        "Objective Criterion": 2,
        "Objective Value": 6822.624659,
        "Permutation": [
            8,
            7,
            5,
            6,
            4,
            30,
            29,
            31,
            33,
            32,
            22,
            23,
            24,
            13,
            14,
            16,
            15,
            2,
            12,
            11,
            20,
            18,
            28,
            34,
            35,
            36,
            37,
            3,
            1,
            0,
            10,
            9,
            19,
            21,
            27,
            25,
            26,
            17
        ],
        "BatchAllocation": [
            28,
            28,
            14,
            28,
            1,
            1,
            1,
            0,
            0,
            29,
            29,
            15,
            15,
            5,
            5,
            6,
            5,
            33,
            16,
            30,
            16,
            30,
            4,
            4,
            4,
            32,
            32,
            31,
            17,
            2,
            2,
            2,
            3,
            3,
            17,
            17,
            17,
            17
        ],
        "EndIndices": [
            1,
            4,
            7,
            9,
            12,
            15,
            16,
            -1,
            -1,
            -1,
            -1,
            -1,
            -1,
            -1,
            17,
            19,
            21,
            26,
            -1,
            -1,
            -1,
            -1,
            -1,
            -1,
            -1,
            -1,
            -1,
            -1,
            29,
            31,
            33,
            34,
            36,
            37,
            -1,
            -1,
            -1,
            -1,
            -1,
            -1,
            -1,
            -1
        ],
        "Preprocess Time": 0.0010013580322265625,
        "Best Constructive Solution": 18955.897903,
        "Construction Runtime": 0.01401376724243164,
        "Improvement Runtime": 3600.030492782593,
        "Overall Runtime": 3600.044506549835,
        "Feasible Assignments": 34041,
        "PerturbationsRounds": 3751,
        "AcceptanceCounter": 251,
        "AcceptanceRate": 0.06691548920287924,
        "PackingCalls Construction": 0,
        "PackingCalls Perturbation": 29402,
        "PackingCalls VNS": 40591,
        "NeighborhoodImprovements": {
            "3": 10,
            "2": 7,
            "0": 12,
            "1": 6
        },
        "SuccessfulPerturbations": 3751,
        "TimeToBest": 37.96656847000122,
        "TimeTo70": 62.8251678943634,
        "ObjectiveAt70": 6822.624659
    }
}