{
    "Config02Problem5_3022": {
        "EarlyEnd": false,
        "Objective Criterion": 2,
        "Objective Value": 10658.753505,
        "Permutation": [
            24,
            26,
            25,
            22,
            23,
            16,
            18,
            17,
            15,
            4,
            5,
            1,
            0,
            19,
            20,
            21,
            31,
            32,
            33,
            6,
            34,
            2,
            10,
            11,
            12,
            13,
            14,
            27,
            3,
            8,
            35,
            7,
            9,
            28,
            29,
            30,
            36,
            37
        ],
        "BatchAllocation": [
            4,
            4,
            14,
            24,
            3,
            3,
            13,
            25,
            25,
            25,
            15,
            15,
            15,
            15,
            15,
            2,
            2,
            2,
            2,
            5,
            5,
            6,
            1,
            1,
            0,
            1,
            0,
            15,
            26,
            26,
            26,
            12,
            12,
            12,
            13,
            25,
            26,
            26
        ],
        "EndIndices": [
            1,
            4,
            8,
            10,
            12,
            14,
            15,
            -1,
            -1,
            -1,
            -1,
            -1,
            18,
            20,
            21,
            27,
            -1,
            -1,
            -1,
            -1,
            -1,
            -1,
            -1,
            -1,
            28,
            32,
            37,
            -1,
            -1,
            -1,
            -1,
            -1,
            -1,
            -1,
            -1,
            -1
        ],
        "Preprocess Time": 0.0010004043579101562,
        "Best Constructive Solution": 16128.112395,
        "Construction Runtime": 0.01201176643371582,
        "Improvement Runtime": 3600.814267873764,
        "Overall Runtime": 3600.8262796401978,
        "Feasible Assignments": 21877,
        "PerturbationsRounds": 7128,
        "AcceptanceCounter": 1918,
        "AcceptanceRate": 0.26907968574635244,
        "PackingCalls Construction": 0,
        "PackingCalls Perturbation": 33947,
        "PackingCalls VNS": 24391,
        "NeighborhoodImprovements": {
            "3": 2,
            "2": 3,
            "0": 3,
            "1": 1
        },
        "SuccessfulPerturbations": 7127,
        "TimeToBest": 13.143004179000854,
        "TimeTo70": 6.5154454708099365,
        "ObjectiveAt70": 10723.38606
    }
}