{
    "Config02Problem6_2022": {
        "EarlyEnd": false,
        "Objective Criterion": 2,
        "Objective Value": 6187.475006,
        "Permutation": [
            9,
            8,
            37,
            39,
            38,
            41,
            40,
            19,
            21,
            25,
            23,
            22,
            24,
            10,
            11,
            13,
            12,
            14,
            7,
            17,
            16,
            15,
            26,
            28,
            27,
            33,
            29,
            32,
            2,
            4,
            0,
            1,
            6,
            5,
            3,
            20,
            18,
            31,
            34,
            35,
            36,
            30
        ],
        "BatchAllocation": [
            24,
            24,
            24,
            24,
            24,
            24,
            24,
            13,
            0,
            0,
            12,
            12,
            12,
            12,
            12,
            15,
            15,
            14,
            25,
            1,
            25,
            1,
            3,
            2,
            3,
            2,
            16,
            17,
            17,
            18,
            26,
            26,
            18,
            18,
            26,
            26,
            26,
            0,
            0,
            0,
            0,
            0
        ],
        "EndIndices": [
            6,
            8,
            10,
            12,
            -1,
            -1,
            -1,
            -1,
            -1,
            -1,
            -1,
            -1,
            17,
            18,
            19,
            21,
            22,
            24,
            27,
            -1,
            -1,
            -1,
            -1,
            -1,
            34,
            36,
            41,
            -1,
            -1,
            -1,
            -1,
            -1,
            -1,
            -1,
            -1,
            -1
        ],
        "Preprocess Time": 0.0,
        "Best Constructive Solution": 14147.76682,
        "Construction Runtime": 0.02202129364013672,
        "Improvement Runtime": 3600.257720708847,
        "Overall Runtime": 3600.279742002487,
        "Feasible Assignments": 233589,
        "PerturbationsRounds": 1126,
        "AcceptanceCounter": 110,
        "AcceptanceRate": 0.09769094138543517,
        "PackingCalls Construction": 0,
        "PackingCalls Perturbation": 4194,
        "PackingCalls VNS": 238990,
        "NeighborhoodImprovements": {
            "3": 10,
            "2": 8,
            "0": 16,
            "1": 8
        },
        "SuccessfulPerturbations": 1126,
        "TimeToBest": 1119.2065377235413,
        "TimeTo70": 256.243572473526,
        "ObjectiveAt70": 6257.286165
    }
}