{
    "Config02Problem9_2022": {
        "EarlyEnd": false,
        "Objective Criterion": 2,
        "Objective Value": 3287.311288,
        "Permutation": [
            27,
            41,
            18,
            34,
            28,
            32,
            25,
            5,
            24,
            4,
            26,
            33,
            17,
            29,
            30,
            35,
            36,
            38,
            31,
            37,
            39,
            40,
            15,
            9,
            10,
            7,
            16,
            8,
            11,
            13,
            6,
            14,
            12,
            23,
            22,
            19,
            20,
            21,
            3,
            0,
            2,
            1
        ],
        "BatchAllocation": [
            22,
            22,
            22,
            22,
            1,
            1,
            12,
            12,
            12,
            12,
            12,
            12,
            12,
            12,
            12,
            12,
            12,
            2,
            1,
            13,
            13,
            13,
            13,
            13,
            1,
            1,
            1,
            0,
            1,
            11,
            11,
            11,
            1,
            1,
            1,
            11,
            11,
            11,
            11,
            11,
            11,
            0
        ],
        "EndIndices": [
            1,
            11,
            12,
            -1,
            -1,
            -1,
            -1,
            -1,
            -1,
            -1,
            -1,
            21,
            32,
            37,
            -1,
            -1,
            -1,
            -1,
            -1,
            -1,
            -1,
            -1,
            41,
            -1,
            -1,
            -1,
            -1,
            -1,
            -1,
            -1,
            -1,
            -1,
            -1
        ],
        "Preprocess Time": 0.0,
        "Best Constructive Solution": 4294.578221,
        "Construction Runtime": 0.011000394821166992,
        "Improvement Runtime": 3601.0144951343536,
        "Overall Runtime": 3601.025495529175,
        "Feasible Assignments": 234756,
        "PerturbationsRounds": 5418,
        "AcceptanceCounter": 1563,
        "AcceptanceRate": 0.2884828349944629,
        "PackingCalls Construction": 0,
        "PackingCalls Perturbation": 9306,
        "PackingCalls VNS": 232114,
        "NeighborhoodImprovements": {
            "3": 2,
            "2": 3,
            "0": 7,
            "1": 1
        },
        "SuccessfulPerturbations": 5416,
        "TimeToBest": 21.258227348327637,
        "TimeTo70": 8.416490316390991,
        "ObjectiveAt70": 3646.339553
    }
}