{
    "Config02Problem2_3022": {
        "EarlyEnd": false,
        "Objective Criterion": 2,
        "Objective Value": 6748.61938,
        "Permutation": [
            8,
            5,
            6,
            7,
            29,
            4,
            33,
            30,
            31,
            32,
            24,
            22,
            23,
            15,
            14,
            13,
            16,
            21,
            11,
            19,
            20,
            28,
            35,
            36,
            26,
            25,
            17,
            1,
            2,
            0,
            3,
            12,
            10,
            9,
            18,
            34,
            27,
            37
        ],
        "BatchAllocation": [
            28,
            28,
            28,
            28,
            1,
            0,
            0,
            1,
            0,
            29,
            29,
            14,
            29,
            5,
            4,
            4,
            5,
            18,
            30,
            15,
            15,
            14,
            3,
            3,
            3,
            17,
            17,
            31,
            16,
            1,
            2,
            2,
            2,
            2,
            31,
            16,
            16,
            31
        ],
        "EndIndices": [
            2,
            5,
            9,
            12,
            14,
            16,
            -1,
            -1,
            -1,
            -1,
            -1,
            -1,
            -1,
            -1,
            18,
            20,
            23,
            25,
            26,
            -1,
            -1,
            -1,
            -1,
            -1,
            -1,
            -1,
            -1,
            -1,
            30,
            33,
            34,
            37,
            -1,
            -1,
            -1,
            -1,
            -1,
            -1,
            -1,
            -1,
            -1,
            -1
        ],
        "Preprocess Time": 0.0,
        "Best Constructive Solution": 15849.111033,
        "Construction Runtime": 0.014013528823852539,
        "Improvement Runtime": 3602.6250586509705,
        "Overall Runtime": 3602.6390721797943,
        "Feasible Assignments": 39369,
        "PerturbationsRounds": 3960,
        "AcceptanceCounter": 142,
        "AcceptanceRate": 0.03585858585858586,
        "PackingCalls Construction": 0,
        "PackingCalls Perturbation": 33235,
        "PackingCalls VNS": 46703,
        "NeighborhoodImprovements": {
            "3": 11,
            "2": 3,
            "0": 12,
            "1": 6
        },
        "SuccessfulPerturbations": 3960,
        "TimeToBest": 1594.1345131397247,
        "TimeTo70": 22.619385242462158,
        "ObjectiveAt70": 6903.447137
    }
}