{
    "Config02Problem0_22": {
        "Optimality": 0,
        "UB": 17886.094333855453,
        "LB": 0.0,
        "Model Runtime": 3600.2623195648193,
        "Overall Runtime": 3601.719,
        "Preprocess Runtime": 1.172,
        "TimeToBest": 3019.0
    },
    "Config02Problem0_1022": {
        "Optimality": 0,
        "UB": 16465.400008752134,
        "LB": 0.0,
        "Model Runtime": 3600.552013397217,
        "Overall Runtime": 3601.588,
        "Preprocess Runtime": 0.748,
        "TimeToBest": 3221.0
    },
    "Config02Problem0_2022": {
        "Optimality": 0,
        "UB": 15325.7807042741,
        "LB": 0.0,
        "Model Runtime": 3600.3237838745117,
        "Overall Runtime": 3601.352,
        "Preprocess Runtime": 0.744,
        "TimeToBest": 3527.0
    },
    "Config02Problem0_3022": {
        "Optimality": 0,
        "UB": 17647.239174620536,
        "LB": 0.0,
        "Model Runtime": 3600.3768272399902,
        "Overall Runtime": 3601.363,
        "Preprocess Runtime": 0.748,
        "TimeToBest": 2661.0
    },
    "Config02Problem0_4022": {
        "Optimality": 0,
        "UB": 16410.889818007316,
        "LB": 0.0,
        "Model Runtime": 3600.6561126708984,
        "Overall Runtime": 3601.629,
        "Preprocess Runtime": 0.838,
        "TimeToBest": 2490.0
    },
    "Config02Problem1_22": {
        "Optimality": 0,
        "UB": 5155.246812446865,
        "LB": 2242.009114782356,
        "Model Runtime": 3600.073480606079,
        "Overall Runtime": 3600.521,
        "Preprocess Runtime": 0.337,
        "TimeToBest": 1587.0
    },
    "Config02Problem1_1022": {
        "Optimality": 0,
        "UB": 5140.052130336235,
        "LB": 68.3620137599155,
        "Model Runtime": 3600.1816425323486,
        "Overall Runtime": 3600.722,
        "Preprocess Runtime": 0.406,
        "TimeToBest": 2074.0
    },
    "Config02Problem1_2022": {
        "Optimality": 0,
        "UB": 5185.626990696774,
        "LB": 937.625171998855,
        "Model Runtime": 3600.118583679199,
        "Overall Runtime": 3600.627,
        "Preprocess Runtime": 0.336,
        "TimeToBest": 3587.0
    },
    "Config02Problem1_3022": {
        "Optimality": 0,
        "UB": 5140.042704902741,
        "LB": 68.3620137599155,
        "Model Runtime": 3600.3691444396973,
        "Overall Runtime": 3600.966,
        "Preprocess Runtime": 0.448,
        "TimeToBest": 1161.0
    },
    "Config02Problem1_4022": {
        "Optimality": 0,
        "UB": 5155.247034941523,
        "LB": 2290.7273693258376,
        "Model Runtime": 3600.104061126709,
        "Overall Runtime": 3600.532,
        "Preprocess Runtime": 0.33,
        "TimeToBest": 3484.0
    },
    "Config02Problem2_22": {
        "Optimality": 0,
        "UB": 7406.071764333037,
        "LB": 87.9219378454646,
        "Model Runtime": 3600.2967586517334,
        "Overall Runtime": 3600.669,
        "Preprocess Runtime": 0.262,
        "TimeToBest": 225.0
    },
    "Config02Problem2_1022": {
        "Optimality": 0,
        "UB": 7074.398964900715,
        "LB": 88.59303983779975,
        "Model Runtime": 3600.1726360321045,
        "Overall Runtime": 3600.596,
        "Preprocess Runtime": 0.263,
        "TimeToBest": 3235.0
    },
    "Config02Problem2_2022": {
        "Optimality": 0,
        "UB": 7406.06245907523,
        "LB": 87.41359741105184,
        "Model Runtime": 3600.109571456909,
        "Overall Runtime": 3600.51,
        "Preprocess Runtime": 0.267,
        "TimeToBest": 2782.0
    },
    "Config02Problem2_3022": {
        "Optimality": 0,
        "UB": 6985.842159420317,
        "LB": 81.79739354141796,
        "Model Runtime": 3600.407865524292,
        "Overall Runtime": 3600.823,
        "Preprocess Runtime": 0.297,
        "TimeToBest": 2782.0
    },
    "Config02Problem2_4022": {
        "Optimality": 0,
        "UB": 6996.792492960349,
        "LB": 88.59739359959855,
        "Model Runtime": 3600.281744003296,
        "Overall Runtime": 3600.711,
        "Preprocess Runtime": 0.265,
        "TimeToBest": 2067.0
    },
    "Config02Problem3_22": {
        "Optimality": 0,
        "UB": 10894.345525465433,
        "LB": 19.218352319816404,
        "Model Runtime": 3600.292751312256,
        "Overall Runtime": 3601.04,
        "Preprocess Runtime": 0.542,
        "TimeToBest": 683.0
    },
    "Config02Problem3_1022": {
        "Optimality": 0,
        "UB": 10894.347545968372,
        "LB": 19.218352320026383,
        "Model Runtime": 3600.349811553955,
        "Overall Runtime": 3601.1,
        "Preprocess Runtime": 0.544,
        "TimeToBest": 3114.0
    },
    "Config02Problem3_2022": {
        "Optimality": 0,
        "UB": 11553.779257579361,
        "LB": 19.218352319976475,
        "Model Runtime": 3600.1665954589844,
        "Overall Runtime": 3600.904,
        "Preprocess Runtime": 0.539,
        "TimeToBest": 1988.0
    },
    "Config02Problem3_3022": {
        "Optimality": 0,
        "UB": 10866.222182867696,
        "LB": 19.21835231998375,
        "Model Runtime": 3600.3034114837646,
        "Overall Runtime": 3601.063,
        "Preprocess Runtime": 0.541,
        "TimeToBest": 1837.0
    },
    "Config02Problem3_4022": {
        "Optimality": 0,
        "UB": 11426.427078323073,
        "LB": 19.218250513370943,
        "Model Runtime": 3600.2286891937256,
        "Overall Runtime": 3600.996,
        "Preprocess Runtime": 0.554,
        "TimeToBest": 3363.0
    },
    "Config02Problem4_22": {
        "Optimality": 0,
        "UB": 4075.345453036372,
        "LB": 0.0,
        "Model Runtime": 3600.1646251678467,
        "Overall Runtime": 3600.528,
        "Preprocess Runtime": 0.285,
        "TimeToBest": 2575.0
    },
    "Config02Problem4_1022": {
        "Optimality": 0,
        "UB": 4075.3451756531795,
        "LB": 0.0,
        "Model Runtime": 3600.207670211792,
        "Overall Runtime": 3600.808,
        "Preprocess Runtime": 0.49,
        "TimeToBest": 3108.0
    },
    "Config02Problem4_2022": {
        "Optimality": 0,
        "UB": 4075.345553969036,
        "LB": 0.0,
        "Model Runtime": 3600.105567932129,
        "Overall Runtime": 3600.796,
        "Preprocess Runtime": 0.599,
        "TimeToBest": 456.0
    },
    "Config02Problem4_3022": {
        "Optimality": 0,
        "UB": 4075.3422018874326,
        "LB": 0.0,
        "Model Runtime": 3600.2617206573486,
        "Overall Runtime": 3600.867,
        "Preprocess Runtime": 0.468,
        "TimeToBest": 778.0
    },
    "Config02Problem4_4022": {
        "Optimality": 0,
        "UB": 4075.345587236774,
        "LB": 0.0,
        "Model Runtime": 3600.2977561950684,
        "Overall Runtime": 3600.926,
        "Preprocess Runtime": 0.5,
        "TimeToBest": 1156.0
    },
    "Config02Problem5_22": {
        "Optimality": 0,
        "UB": 10658.753339531173,
        "LB": 853.0175782636701,
        "Model Runtime": 3600.3087730407715,
        "Overall Runtime": 3600.661,
        "Preprocess Runtime": 0.232,
        "TimeToBest": 669.0
    },
    "Config02Problem5_1022": {
        "Optimality": 0,
        "UB": 10658.753150556902,
        "LB": 365.92354435599077,
        "Model Runtime": 3600.163694381714,
        "Overall Runtime": 3600.519,
        "Preprocess Runtime": 0.247,
        "TimeToBest": 359.0
    },
    "Config02Problem5_2022": {
        "Optimality": 0,
        "UB": 10658.75341881266,
        "LB": 254.46644444536906,
        "Model Runtime": 3600.1362266540527,
        "Overall Runtime": 3600.5,
        "Preprocess Runtime": 0.232,
        "TimeToBest": 1397.0
    },
    "Config02Problem5_3022": {
        "Optimality": 0,
        "UB": 10658.75325222149,
        "LB": 197.66344319941794,