{
    "Config01Problem2_22": {
        "EarlyEnd": false,
        "Objective Criterion": 2,
        "Objective Value": 2976.981277,
        "Permutation": [
            10,
            11,
            23,
            24,
            12,
            13,
            22,
            14,
            15,
            16,
            17,
            21,
            7,
            9,
            8,
            6,
            19,
            20,
            0,
            18,
            3,
            5,
            4,
            1,
            2
        ],
        "BatchAllocation": [
            9,
            12,
            12,
            10,
            12,
            11,
            3,
            3,
            3,
            3,
            0,
            0,
            0,
            0,
            1,
            1,
            1,
            1,
            9,
            9,
            9,
            2,
            0,
            0,
            0
        ],
        "EndIndices": [
            6,
            10,
            11,
            15,
            -1,
            -1,
            -1,
            -1,
            -1,
            19,
            20,
            21,
            24,
            -1,
            -1,
            -1,
            -1,
            -1
        ],
        "Preprocess Time": 0.0,
        "Best Constructive Solution": 5532.711879,
        "Construction Runtime": 0.0030024051666259766,
        "Improvement Runtime": 900.0281887054443,
        "Overall Runtime": 900.031191110611,
        "Feasible Assignments": 2485,
        "PerturbationsRounds": 17719,
        "AcceptanceCounter": 2823,
        "AcceptanceRate": 0.1593205034144139,
        "PackingCalls Construction": 0,
        "PackingCalls Perturbation": 23314,
        "PackingCalls VNS": 2603,
        "NeighborhoodImprovements": {
            "3": 6,
            "2": 2,
            "0": 5,
            "1": 1
        },
        "SuccessfulPerturbations": 17718,
        "TimeToBest": 146.99865126609802,
        "TimeTo70": 1.956111192703247,
        "ObjectiveAt70": 2995.18757
    }
}