{
    "Config01Problem5_2022": {
        "EarlyEnd": false,
        "Objective Criterion": 2,
        "Objective Value": 1188.881893,
        "Permutation": [
            8,
            5,
            7,
            4,
            1,
            6,
            0,
            2,
            3,
            11,
            9,
            10
        ],
        "BatchAllocation": [
            6,
            6,
            6,
            6,
            6,
            5,
            6,
            5,
            0,
            7,
            7,
            7
        ],
        "EndIndices": [
            0,
            -1,
            -1,
            -1,
            -1,
            2,
            8,
            11,
            -1,
            -1
        ],
        "Preprocess Time": 0.0,
        "Best Constructive Solution": 1505.11913,
        "Construction Runtime": 0.0010020732879638672,
        "Improvement Runtime": 900.0172817707062,
        "Overall Runtime": 900.0182838439941,
        "Feasible Assignments": 2310,
        "PerturbationsRounds": 39415,
        "AcceptanceCounter": 7194,
        "AcceptanceRate": 0.18251934542686796,
        "PackingCalls Construction": 0,
        "PackingCalls Perturbation": 20401,
        "PackingCalls VNS": 2141,
        "NeighborhoodImprovements": {
            "3": 3,
            "2": 1,
            "0": 3,
            "1": 1
        },
        "SuccessfulPerturbations": 38664,
        "TimeToBest": 0.014029741287231445,
        "TimeTo70": 0.2230229377746582,
        "ObjectiveAt70": 1188.881893
    }
}