{
    "Config01Problem1_3022": {
        "EarlyEnd": false,
        "Objective Criterion": 2,
        "Objective Value": 4286.539815,
        "Permutation": [
            15,
            16,
            14,
            9,
            7,
            8,
            12,
            10,
            11,
            13,
            6,
            5,
            0,
            1,
            4,
            3,
            2
        ],
        "BatchAllocation": [
            10,
            10,
            10,
            10,
            10,
            10,
            9,
            2,
            2,
            2,
            7,
            7,
            7,
            8,
            1,
            0,
            0
        ],
        "EndIndices": [
            1,
            2,
            5,
            -1,
            -1,
            -1,
            -1,
            8,
            9,
            10,
            16,
            -1,
            -1,
            -1
        ],
        "Preprocess Time": 0.0,
        "Best Constructive Solution": 6130.802986,
        "Construction Runtime": 0.001999378204345703,
        "Improvement Runtime": 900.0454251766205,
        "Overall Runtime": 900.0474245548248,
        "Feasible Assignments": 1375,
        "PerturbationsRounds": 14269,
        "AcceptanceCounter": 2726,
        "AcceptanceRate": 0.1910435209194758,
        "PackingCalls Construction": 0,
        "PackingCalls Perturbation": 41263,
        "PackingCalls VNS": 1851,
        "NeighborhoodImprovements": {
            "3": 2,
            "2": 1,
            "0": 2,
            "1": 2
        },
        "SuccessfulPerturbations": 14233,
        "TimeToBest": 0.029002904891967773,
        "TimeTo70": 0.39702391624450684,
        "ObjectiveAt70": 4286.539815
    }
}