{
    "Config01Problem1_2022": {
        "EarlyEnd": false,
        "Objective Criterion": 2,
        "Objective Value": 4286.539815,
        "Permutation": [
            14,
            16,
            15,
            8,
            7,
            9,
            10,
            11,
            12,
            13,
            2,
            0,
            1,
            5,
            4,
            3,
            6
        ],
        "BatchAllocation": [
            10,
            10,
            9,
            10,
            10,
            10,
            10,
            2,
            2,
            2,
            7,
            7,
            7,
            8,
            0,
            1,
            1
        ],
        "EndIndices": [
            0,
            2,
            5,
            -1,
            -1,
            -1,
            -1,
            8,
            9,
            10,
            16,
            -1,
            -1,
            -1
        ],
        "Preprocess Time": 0.0,
        "Best Constructive Solution": 6115.290799,
        "Construction Runtime": 0.0019996166229248047,
        "Improvement Runtime": 900.1687068939209,
        "Overall Runtime": 900.1707065105438,
        "Feasible Assignments": 1302,
        "PerturbationsRounds": 14458,
        "AcceptanceCounter": 2722,
        "AcceptanceRate": 0.18826947018951445,
        "PackingCalls Construction": 0,
        "PackingCalls Perturbation": 40632,
        "PackingCalls VNS": 1774,
        "NeighborhoodImprovements": {
            "3": 2,
            "2": 1,
            "0": 2,
            "1": 2
        },
        "SuccessfulPerturbations": 14406,
        "TimeToBest": 0.017001628875732422,
        "TimeTo70": 0.3780214786529541,
        "ObjectiveAt70": 4286.539815
    }
}