{
    "Config01Problem9_1022": {
        "EarlyEnd": false,
        "Objective Criterion": 2,
        "Objective Value": 631.371533,
        "Permutation": [
            14,
            12,
            15,
            13,
            8,
            6,
            7,
            5,
            16,
            3,
            4,
            17,
            10,
            9,
            11,
            2,
            1,
            0
        ],
        "BatchAllocation": [
            7,
            7,
            7,
            5,
            5,
            5,
            1,
            1,
            1,
            6,
            6,
            6,
            0,
            0,
            0,
            0,
            5,
            5
        ],
        "EndIndices": [
            3,
            6,
            -1,
            -1,
            -1,
            11,
            14,
            17,
            -1,
            -1
        ],
        "Preprocess Time": 0.00099945068359375,
        "Best Constructive Solution": 1237.700935,
        "Construction Runtime": 0.0010001659393310547,
        "Improvement Runtime": 900.0062515735626,
        "Overall Runtime": 900.007251739502,
        "Feasible Assignments": 2567,
        "PerturbationsRounds": 182558,
        "AcceptanceCounter": 13911,
        "AcceptanceRate": 0.07620044040797994,
        "PackingCalls Construction": 0,
        "PackingCalls Perturbation": 490,
        "PackingCalls VNS": 2058,
        "NeighborhoodImprovements": {
            "3": 2,
            "2": 3,
            "0": 3,
            "1": 1
        },
        "SuccessfulPerturbations": 182543,
        "TimeToBest": 3.1461801528930664,
        "TimeTo70": 0.17000985145568848,
        "ObjectiveAt70": 749.729664
    }
}