{
    "Config01Problem1_1022": {
        "EarlyEnd": false,
        "Objective Criterion": 2,
        "Objective Value": 4286.539815,
        "Permutation": [
            14,
            16,
            15,
            9,
            8,
            7,
            13,
            11,
            10,
            12,
            1,
            0,
            3,
            4,
            6,
            5,
            2
        ],
        "BatchAllocation": [
            9,
            9,
            10,
            9,
            9,
            10,
            10,
            2,
            2,
            2,
            8,
            8,
            8,
            7,
            0,
            1,
            1
        ],
        "EndIndices": [
            0,
            2,
            5,
            -1,
            -1,
            -1,
            -1,
            6,
            9,
            13,
            16,
            -1,
            -1,
            -1
        ],
        "Preprocess Time": 0.0,
        "Best Constructive Solution": 6130.802986,
        "Construction Runtime": 0.0019958019256591797,
        "Improvement Runtime": 900.0543165206909,
        "Overall Runtime": 900.0563123226166,
        "Feasible Assignments": 1301,
        "PerturbationsRounds": 14171,
        "AcceptanceCounter": 3400,
        "AcceptanceRate": 0.23992661068379084,
        "PackingCalls Construction": 0,
        "PackingCalls Perturbation": 34297,
        "PackingCalls VNS": 1763,
        "NeighborhoodImprovements": {
            "3": 1,
            "2": 1,
            "0": 3,
            "1": 1
        },
        "SuccessfulPerturbations": 14129,
        "TimeToBest": 0.04200100898742676,
        "TimeTo70": 0.4860265254974365,
        "ObjectiveAt70": 4286.539815
    }
}