{
    "Config01Problem6_1022": {
        "EarlyEnd": false,
        "Objective Criterion": 2,
        "Objective Value": 3020.275633,
        "Permutation": [
            3,
            4,
            7,
            6,
            5,
            14,
            13,
            15,
            0,
            2,
            1,
            8,
            17,
            10,
            16,
            11,
            9,
            12
        ],
        "BatchAllocation": [
            3,
            6,
            6,
            0,
            0,
            0,
            0,
            0,
            6,
            8,
            7,
            8,
            8,
            1,
            1,
            2,
            7,
            7
        ],
        "EndIndices": [
            4,
            6,
            7,
            8,
            -1,
            -1,
            11,
            14,
            17,
            -1,
            -1,
            -1
        ],
        "Preprocess Time": 0.0,
        "Best Constructive Solution": 4659.856516,
        "Construction Runtime": 0.0009996891021728516,
        "Improvement Runtime": 900.1721992492676,
        "Overall Runtime": 900.1731989383698,
        "Feasible Assignments": 718,
        "PerturbationsRounds": 12188,
        "AcceptanceCounter": 2110,
        "AcceptanceRate": 0.1731211027239908,
        "PackingCalls Construction": 0,
        "PackingCalls Perturbation": 44048,
        "PackingCalls VNS": 985,
        "NeighborhoodImprovements": {
            "3": 1,
            "2": 3,
            "0": 3,
            "1": 5
        },
        "SuccessfulPerturbations": 11764,
        "TimeToBest": 0.6270401477813721,
        "TimeTo70": 1.121070384979248,
        "ObjectiveAt70": 3020.275633
    }
}