{
    "Config01Problem1_4022": {
        "EarlyEnd": false,
        "Objective Criterion": 2,
        "Objective Value": 4286.539815,
        "Permutation": [
            15,
            16,
            14,
            9,
            7,
            8,
            13,
            10,
            11,
            12,
            0,
            1,
            3,
            4,
            2,
            5,
            6
        ],
        "BatchAllocation": [
            9,
            9,
            10,
            9,
            9,
            10,
            10,
            2,
            2,
            2,
            8,
            8,
            8,
            7,
            1,
            0,
            0
        ],
        "EndIndices": [
            1,
            2,
            5,
            -1,
            -1,
            -1,
            -1,
            6,
            9,
            13,
            16,
            -1,
            -1,
            -1
        ],
        "Preprocess Time": 0.0,
        "Best Constructive Solution": 6130.802986,
        "Construction Runtime": 0.001998424530029297,
        "Improvement Runtime": 900.0831074714661,
        "Overall Runtime": 900.0851058959961,
        "Feasible Assignments": 1245,
        "PerturbationsRounds": 13607,
        "AcceptanceCounter": 3215,
        "AcceptanceRate": 0.23627544646138018,
        "PackingCalls Construction": 0,
        "PackingCalls Perturbation": 34884,
        "PackingCalls VNS": 1668,
        "NeighborhoodImprovements": {
            "3": 2,
            "2": 1,
            "0": 3,
            "1": 1
        },
        "SuccessfulPerturbations": 13566,
        "TimeToBest": 0.022002458572387695,
        "TimeTo70": 0.454026460647583,
        "ObjectiveAt70": 4286.539815
    }
}