{
    "Config01Problem5_3022": {
        "EarlyEnd": false,
        "Objective Criterion": 2,
        "Objective Value": 1188.881893,
        "Permutation": [
            8,
            5,
            7,
            4,
            1,
            3,
            6,
            0,
            2,
            11,
            9,
            10
        ],
        "BatchAllocation": [
            6,
            6,
            6,
            6,
            6,
            5,
            6,
            5,
            0,
            7,
            7,
            7
        ],
        "EndIndices": [
            0,
            -1,
            -1,
            -1,
            -1,
            2,
            8,
            11,
            -1,
            -1
        ],
        "Preprocess Time": 0.0,
        "Best Constructive Solution": 1505.11913,
        "Construction Runtime": 0.00099945068359375,
        "Improvement Runtime": 900.0653252601624,
        "Overall Runtime": 900.066324710846,
        "Feasible Assignments": 2305,
        "PerturbationsRounds": 39211,
        "AcceptanceCounter": 7227,
        "AcceptanceRate": 0.18431052510775037,
        "PackingCalls Construction": 0,
        "PackingCalls Perturbation": 20360,
        "PackingCalls VNS": 2150,
        "NeighborhoodImprovements": {
            "3": 2,
            "2": 2,
            "0": 1,
            "1": 1
        },
        "SuccessfulPerturbations": 38463,
        "TimeToBest": 0.02000141143798828,
        "TimeTo70": 0.24501538276672363,
        "ObjectiveAt70": 1188.881893
    }
}