{
    "Config01Problem4_4022": {
        "EarlyEnd": false,
        "Objective Criterion": 2,
        "Objective Value": 1884.372925,
        "Permutation": [
            1,
            0,
            6,
            9,
            8,
            7,
            2,
            3,
            4,
            5,
            11,
            10
        ],
        "BatchAllocation": [
            0,
            0,
            6,
            6,
            7,
            7,
            1,
            3,
            3,
            2,
            8,
            8
        ],
        "EndIndices": [
            1,
            2,
            3,
            5,
            -1,
            -1,
            7,
            9,
            11,
            -1,
            -1,
            -1
        ],
        "Preprocess Time": 0.0,
        "Best Constructive Solution": 2418.751791,
        "Construction Runtime": 0.0010035037994384766,
        "Improvement Runtime": 900.0310039520264,
        "Overall Runtime": 900.0320074558258,
        "Feasible Assignments": 218,
        "PerturbationsRounds": 45685,
        "AcceptanceCounter": 11394,
        "AcceptanceRate": 0.24940352413264746,
        "PackingCalls Construction": 0,
        "PackingCalls Perturbation": 26258,
        "PackingCalls VNS": 197,
        "NeighborhoodImprovements": {
            "3": 2,
            "2": 1,
            "0": 1,
            "1": 1
        },
        "SuccessfulPerturbations": 45680,
        "TimeToBest": 0.008991003036499023,
        "TimeTo70": 0.22600889205932617,
        "ObjectiveAt70": 1884.372925
    }
}