{
    "Config01Problem0_2022": {
        "EarlyEnd": false,
        "Objective Criterion": 2,
        "Objective Value": 2421.197651,
        "Permutation": [
            11,
            13,
            12,
            5,
            8,
            7,
            10,
            9,
            1,
            0,
            4,
            3,
            2,
            6
        ],
        "BatchAllocation": [
            7,
            7,
            9,
            9,
            8,
            1,
            10,
            6,
            6,
            6,
            6,
            0,
            0,
            0
        ],
        "EndIndices": [
            2,
            3,
            -1,
            -1,
            -1,
            -1,
            7,
            9,
            10,
            12,
            13,
            -1
        ],
        "Preprocess Time": 0.0,
        "Best Constructive Solution": 3742.639623,
        "Construction Runtime": 0.0019736289978027344,
        "Improvement Runtime": 900.1264448165894,
        "Overall Runtime": 900.1284184455872,
        "Feasible Assignments": 215,
        "PerturbationsRounds": 13482,
        "AcceptanceCounter": 3887,
        "AcceptanceRate": 0.2883103397122089,
        "PackingCalls Construction": 0,
        "PackingCalls Perturbation": 41072,
        "PackingCalls VNS": 240,
        "NeighborhoodImprovements": {
            "3": 2,
            "2": 1,
            "0": 2,
            "1": 1
        },
        "SuccessfulPerturbations": 12919,
        "TimeToBest": 0.025999784469604492,
        "TimeTo70": 0.2620232105255127,
        "ObjectiveAt70": 2421.197651
    }
}