{
    "Config01Problem9_3022": {
        "EarlyEnd": false,
        "Objective Criterion": 2,
        "Objective Value": 631.371533,
        "Permutation": [
            15,
            13,
            14,
            12,
            6,
            7,
            8,
            5,
            3,
            16,
            17,
            4,
            9,
            10,
            11,
            1,
            0,
            2
        ],
        "BatchAllocation": [
            7,
            7,
            7,
            5,
            5,
            5,
            1,
            1,
            1,
            6,
            6,
            6,
            0,
            0,
            0,
            0,
            5,
            5
        ],
        "EndIndices": [
            3,
            6,
            -1,
            -1,
            -1,
            11,
            14,
            17,
            -1,
            -1
        ],
        "Preprocess Time": 0.0,
        "Best Constructive Solution": 867.770136,
        "Construction Runtime": 0.005002498626708984,
        "Improvement Runtime": 900.0063259601593,
        "Overall Runtime": 900.011328458786,
        "Feasible Assignments": 2549,
        "PerturbationsRounds": 214457,
        "AcceptanceCounter": 16667,
        "AcceptanceRate": 0.07771721137570702,
        "PackingCalls Construction": 0,
        "PackingCalls Perturbation": 536,
        "PackingCalls VNS": 1995,
        "NeighborhoodImprovements": {
            "3": 2,
            "2": 2,
            "0": 5,
            "1": 1
        },
        "SuccessfulPerturbations": 214446,
        "TimeToBest": 3.2701852321624756,
        "TimeTo70": 0.19801950454711914,
        "ObjectiveAt70": 749.729664
    }
}