{
    "Config01Problem5_22": {
        "EarlyEnd": false,
        "Objective Criterion": 2,
        "Objective Value": 1188.881893,
        "Permutation": [
            8,
            6,
            7,
            2,
            3,
            4,
            0,
            1,
            5,
            9,
            10,
            11
        ],
        "BatchAllocation": [
            6,
            6,
            6,
            6,
            6,
            6,
            5,
            5,
            0,
            7,
            7,
            7
        ],
        "EndIndices": [
            0,
            -1,
            -1,
            -1,
            -1,
            2,
            8,
            11,
            -1,
            -1
        ],
        "Preprocess Time": 0.0,
        "Best Constructive Solution": 1505.11913,
        "Construction Runtime": 0.0019927024841308594,
        "Improvement Runtime": 900.031741142273,
        "Overall Runtime": 900.0337338447571,
        "Feasible Assignments": 2262,
        "PerturbationsRounds": 39312,
        "AcceptanceCounter": 7839,
        "AcceptanceRate": 0.19940476190476192,
        "PackingCalls Construction": 0,
        "PackingCalls Perturbation": 20573,
        "PackingCalls VNS": 2041,
        "NeighborhoodImprovements": {
            "3": 1,
            "2": 1,
            "0": 1,
            "1": 1
        },
        "SuccessfulPerturbations": 38528,
        "TimeToBest": 0.003999948501586914,
        "TimeTo70": 0.21101999282836914,
        "ObjectiveAt70": 1188.881893
    }
}