{
    "Config01Problem0_1022": {
        "EarlyEnd": false,
        "Objective Criterion": 2,
        "Objective Value": 2421.197651,
        "Permutation": [
            12,
            11,
            13,
            5,
            7,
            10,
            9,
            8,
            4,
            1,
            0,
            2,
            3,
            6
        ],
        "BatchAllocation": [
            8,
            7,
            9,
            9,
            7,
            1,
            10,
            6,
            6,
            6,
            6,
            0,
            0,
            0
        ],
        "EndIndices": [
            2,
            3,
            -1,
            -1,
            -1,
            -1,
            7,
            9,
            10,
            12,
            13,
            -1
        ],
        "Preprocess Time": 0.0,
        "Best Constructive Solution": 3887.926647,
        "Construction Runtime": 0.0010743141174316406,
        "Improvement Runtime": 900.2480490207672,
        "Overall Runtime": 900.2491233348846,
        "Feasible Assignments": 205,
        "PerturbationsRounds": 13934,
        "AcceptanceCounter": 3921,
        "AcceptanceRate": 0.2813980192335295,
        "PackingCalls Construction": 0,
        "PackingCalls Perturbation": 42051,
        "PackingCalls VNS": 228,
        "NeighborhoodImprovements": {
            "3": 3,
            "2": 2,
            "0": 3,
            "1": 2
        },
        "SuccessfulPerturbations": 13360,
        "TimeToBest": 0.01591205596923828,
        "TimeTo70": 0.24692320823669434,
        "ObjectiveAt70": 2421.197651
    }
}