{
    "Config01Problem2_3022": {
        "EarlyEnd": false,
        "Objective Criterion": 2,
        "Objective Value": 2976.981277,
        "Permutation": [
            13,
            22,
            23,
            10,
            11,
            12,
            24,
            16,
            15,
            14,
            17,
            21,
            8,
            7,
            9,
            5,
            18,
            19,
            20,
            6,
            4,
            1,
            2,
            0,
            3
        ],
        "BatchAllocation": [
            11,
            11,
            11,
            12,
            11,
            3,
            10,
            3,
            3,
            3,
            0,
            0,
            0,
            0,
            1,
            1,
            1,
            1,
            9,
            9,
            9,
            2,
            0,
            0,
            0
        ],
        "EndIndices": [
            6,
            10,
            11,
            15,
            -1,
            -1,
            -1,
            -1,
            -1,
            18,
            19,
            23,
            24,
            -1,
            -1,
            -1,
            -1,
            -1
        ],
        "Preprocess Time": 0.0,
        "Best Constructive Solution": 5575.452304,
        "Construction Runtime": 0.0029997825622558594,
        "Improvement Runtime": 900.0892970561981,
        "Overall Runtime": 900.0922968387604,
        "Feasible Assignments": 2313,
        "PerturbationsRounds": 22163,
        "AcceptanceCounter": 3102,
        "AcceptanceRate": 0.1399630013987276,
        "PackingCalls Construction": 0,
        "PackingCalls Perturbation": 22408,
        "PackingCalls VNS": 2350,
        "NeighborhoodImprovements": {
            "3": 7,
            "2": 4,
            "0": 8,
            "1": 1
        },
        "SuccessfulPerturbations": 22161,
        "TimeToBest": 1.2980666160583496,
        "TimeTo70": 2.0901129245758057,
        "ObjectiveAt70": 2976.981277
    }
}