{
    "Config01Problem2_1022": {
        "EarlyEnd": false,
        "Objective Criterion": 2,
        "Objective Value": 2976.981277,
        "Permutation": [
            23,
            11,
            22,
            12,
            24,
            13,
            10,
            16,
            14,
            15,
            17,
            21,
            6,
            8,
            7,
            5,
            18,
            19,
            20,
            3,
            9,
            1,
            2,
            0,
            4
        ],
        "BatchAllocation": [
            11,
            11,
            11,
            9,
            11,
            3,
            3,
            3,
            3,
            10,
            0,
            0,
            0,
            0,
            1,
            1,
            1,
            1,
            9,
            9,
            9,
            2,
            0,
            0,
            0
        ],
        "EndIndices": [
            6,
            10,
            11,
            15,
            -1,
            -1,
            -1,
            -1,
            -1,
            19,
            20,
            24,
            -1,
            -1,
            -1,
            -1,
            -1,
            -1
        ],
        "Preprocess Time": 0.0,
        "Best Constructive Solution": 6661.851553,
        "Construction Runtime": 0.003000497817993164,
        "Improvement Runtime": 900.0812873840332,
        "Overall Runtime": 900.0842878818512,
        "Feasible Assignments": 2323,
        "PerturbationsRounds": 32842,
        "AcceptanceCounter": 4598,
        "AcceptanceRate": 0.14000365385786492,
        "PackingCalls Construction": 0,
        "PackingCalls Perturbation": 20603,
        "PackingCalls VNS": 2357,
        "NeighborhoodImprovements": {
            "3": 6,
            "2": 2,
            "0": 5,
            "1": 1
        },
        "SuccessfulPerturbations": 32835,
        "TimeToBest": 0.3220195770263672,
        "TimeTo70": 0.8990504741668701,
        "ObjectiveAt70": 2976.981277
    }
}