{
    "Config01Problem1_22": {
        "EarlyEnd": false,
        "Objective Criterion": 2,
        "Objective Value": 4286.539815,
        "Permutation": [
            14,
            15,
            16,
            8,
            9,
            7,
            12,
            11,
            10,
            13,
            3,
            4,
            0,
            6,
            5,
            2,
            1
        ],
        "BatchAllocation": [
            10,
            10,
            10,
            9,
            9,
            10,
            10,
            2,
            2,
            2,
            7,
            7,
            7,
            8,
            0,
            1,
            1
        ],
        "EndIndices": [
            0,
            2,
            5,
            -1,
            -1,
            -1,
            -1,
            8,
            9,
            11,
            16,
            -1,
            -1,
            -1
        ],
        "Preprocess Time": 0.0,
        "Best Constructive Solution": 6130.802986,
        "Construction Runtime": 0.004000663757324219,
        "Improvement Runtime": 900.0763657093048,
        "Overall Runtime": 900.0803663730621,
        "Feasible Assignments": 1343,
        "PerturbationsRounds": 14042,
        "AcceptanceCounter": 3171,
        "AcceptanceRate": 0.22582253240279163,
        "PackingCalls Construction": 0,
        "PackingCalls Perturbation": 34275,
        "PackingCalls VNS": 1760,
        "NeighborhoodImprovements": {
            "3": 2,
            "2": 1,
            "0": 3,
            "1": 1
        },
        "SuccessfulPerturbations": 14026,
        "TimeToBest": 0.07700490951538086,
        "TimeTo70": 0.4910273551940918,
        "ObjectiveAt70": 4286.539815
    }
}