{
    "Config01Problem5_1022": {
        "EarlyEnd": false,
        "Objective Criterion": 2,
        "Objective Value": 1188.881893,
        "Permutation": [
            8,
            5,
            7,
            3,
            2,
            4,
            6,
            0,
            1,
            11,
            10,
            9
        ],
        "BatchAllocation": [
            6,
            6,
            6,
            6,
            6,
            5,
            6,
            5,
            0,
            7,
            7,
            7
        ],
        "EndIndices": [
            0,
            -1,
            -1,
            -1,
            -1,
            2,
            8,
            11,
            -1,
            -1
        ],
        "Preprocess Time": 0.0,
        "Best Constructive Solution": 1505.11913,
        "Construction Runtime": 0.0009970664978027344,
        "Improvement Runtime": 900.0450611114502,
        "Overall Runtime": 900.046058177948,
        "Feasible Assignments": 2265,
        "PerturbationsRounds": 39173,
        "AcceptanceCounter": 7226,
        "AcceptanceRate": 0.18446378883414596,
        "PackingCalls Construction": 0,
        "PackingCalls Perturbation": 20844,
        "PackingCalls VNS": 2056,
        "NeighborhoodImprovements": {
            "3": 3,
            "2": 2,
            "0": 3,
            "1": 1
        },
        "SuccessfulPerturbations": 38438,
        "TimeToBest": 0.025002241134643555,
        "TimeTo70": 0.24200868606567383,
        "ObjectiveAt70": 1188.881893
    }
}