{
    "Config01Problem4_1022": {
        "EarlyEnd": false,
        "Objective Criterion": 2,
        "Objective Value": 1884.372925,
        "Permutation": [
            3,
            1,
            6,
            8,
            9,
            7,
            2,
            0,
            5,
            4,
            10,
            11
        ],
        "BatchAllocation": [
            6,
            0,
            6,
            0,
            7,
            7,
            1,
            3,
            2,
            3,
            8,
            8
        ],
        "EndIndices": [
            1,
            2,
            3,
            5,
            -1,
            -1,
            7,
            9,
            11,
            -1,
            -1,
            -1
        ],
        "Preprocess Time": 0.0,
        "Best Constructive Solution": 2208.59321,
        "Construction Runtime": 0.0009491443634033203,
        "Improvement Runtime": 900.0372996330261,
        "Overall Runtime": 900.0382487773895,
        "Feasible Assignments": 231,
        "PerturbationsRounds": 44633,
        "AcceptanceCounter": 11366,
        "AcceptanceRate": 0.2546546277418054,
        "PackingCalls Construction": 0,
        "PackingCalls Perturbation": 25555,
        "PackingCalls VNS": 198,
        "NeighborhoodImprovements": {
            "3": 2,
            "2": 1,
            "0": 2,
            "1": 1
        },
        "SuccessfulPerturbations": 44629,
        "TimeToBest": 0.03500247001647949,
        "TimeTo70": 0.2519948482513428,
        "ObjectiveAt70": 1884.372925
    }
}