{
    "Config01Problem7_1022": {
        "EarlyEnd": false,
        "Objective Criterion": 2,
        "Objective Value": 1590.291968,
        "Permutation": [
            10,
            9,
            4,
            6,
            5,
            3,
            0,
            2,
            1,
            8,
            7
        ],
        "BatchAllocation": [
            5,
            5,
            5,
            1,
            0,
            1,
            1,
            6,
            6,
            0,
            0
        ],
        "EndIndices": [
            2,
            5,
            -1,
            -1,
            -1,
            8,
            10,
            -1,
            -1,
            -1
        ],
        "Preprocess Time": 0.0,
        "Best Constructive Solution": 2459.85131,
        "Construction Runtime": 0.001997232437133789,
        "Improvement Runtime": 900.0132374763489,
        "Overall Runtime": 900.015234708786,
        "Feasible Assignments": 134,
        "PerturbationsRounds": 45804,
        "AcceptanceCounter": 23017,
        "AcceptanceRate": 0.5025106977556545,
        "PackingCalls Construction": 0,
        "PackingCalls Perturbation": 43238,
        "PackingCalls VNS": 92,
        "NeighborhoodImprovements": {
            "3": 2,
            "2": 1,
            "0": 3,
            "1": 1
        },
        "SuccessfulPerturbations": 36930,
        "TimeToBest": 0.011005401611328125,
        "TimeTo70": 0.1000058650970459,
        "ObjectiveAt70": 1590.291968
    }
}