{
    "Config01Problem0_4022": {
        "EarlyEnd": false,
        "Objective Criterion": 2,
        "Objective Value": 2421.197651,
        "Permutation": [
            11,
            13,
            12,
            5,
            9,
            8,
            10,
            7,
            1,
            4,
            0,
            3,
            2,
            6
        ],
        "BatchAllocation": [
            8,
            7,
            9,
            9,
            7,
            1,
            10,
            6,
            6,
            6,
            6,
            0,
            0,
            0
        ],
        "EndIndices": [
            2,
            3,
            -1,
            -1,
            -1,
            -1,
            7,
            9,
            10,
            12,
            13,
            -1
        ],
        "Preprocess Time": 0.0,
        "Best Constructive Solution": 3986.049177,
        "Construction Runtime": 0.0010008811950683594,
        "Improvement Runtime": 900.0466573238373,
        "Overall Runtime": 900.0476582050323,
        "Feasible Assignments": 204,
        "PerturbationsRounds": 14998,
        "AcceptanceCounter": 4238,
        "AcceptanceRate": 0.28257100946792907,
        "PackingCalls Construction": 0,
        "PackingCalls Perturbation": 45093,
        "PackingCalls VNS": 261,
        "NeighborhoodImprovements": {
            "3": 2,
            "2": 1,
            "0": 2,
            "1": 1
        },
        "SuccessfulPerturbations": 14400,
        "TimeToBest": 0.01400136947631836,
        "TimeTo70": 0.262035608291626,
        "ObjectiveAt70": 2421.197651
    }
}