{
    "Config02Problem4_22": {
        "EarlyEnd": false,
        "Objective Criterion": 2,
        "Objective Value": 4075.345612,
        "Permutation": [
            43,
            44,
            18,
            20,
            31,
            19,
            21,
            34,
            22,
            4,
            30,
            32,
            33,
            5,
            11,
            8,
            7,
            10,
            9,
            41,
            42,
            40,
            29,
            23,
            3,
            0,
            1,
            2,
            24,
            14,
            27,
            28,
            26,
            25,
            13,
            12,
            15,
            6,
            16,
            17,
            37,
            36,
            38,
            39,
            35
        ],
        "BatchAllocation": [
            26,
            26,
            26,
            26,
            2,
            2,
            28,
            3,
            3,
            3,
            3,
            3,
            28,
            28,
            27,
            28,
            28,
            28,
            0,
            1,
            1,
            1,
            1,
            14,
            27,
            27,
            27,
            27,
            27,
            14,
            2,
            1,
            2,
            2,
            1,
            30,
            29,
            29,
            30,
            30,
            13,
            13,
            13,
            0,
            0
        ],
        "EndIndices": [
            2,
            8,
            13,
            18,
            -1,
            -1,
            -1,
            -1,
            -1,
            -1,
            -1,
            -1,
            -1,
            21,
            23,
            -1,
            -1,
            -1,
            -1,
            -1,
            -1,
            -1,
            -1,
            -1,
            -1,
            -1,
            27,
            33,
            39,
            41,
            44,
            -1,
            -1,
            -1,
            -1,
            -1,
            -1,
            -1,
            -1
        ],
        "Preprocess Time": 0.0,
        "Best Constructive Solution": 8531.418311,
        "Construction Runtime": 0.024023771286010742,
        "Improvement Runtime": 3601.6881494522095,
        "Overall Runtime": 3601.7121732234955,
        "Feasible Assignments": 102227,
        "PerturbationsRounds": 4150,
        "AcceptanceCounter": 221,
        "AcceptanceRate": 0.05325301204819277,
        "PackingCalls Construction": 0,
        "PackingCalls Perturbation": 21035,
        "PackingCalls VNS": 120200,
        "NeighborhoodImprovements": {
            "3": 4,
            "2": 2,
            "0": 7,
            "1": 2
        },
        "SuccessfulPerturbations": 4150,
        "TimeToBest": 9.970866441726685,
        "TimeTo70": 31.71838641166687,
        "ObjectiveAt70": 4075.345612
    }
}