{
    "Config02Problem9_1022": {
        "EarlyEnd": false,
        "Objective Criterion": 2,
        "Objective Value": 3287.311288,
        "Permutation": [
            41,
            25,
            26,
            33,
            34,
            4,
            5,
            18,
            32,
            27,
            24,
            28,
            1,
            17,
            3,
            0,
            29,
            30,
            31,
            38,
            37,
            35,
            36,
            39,
            40,
            10,
            8,
            9,
            11,
            12,
            13,
            14,
            15,
            16,
            6,
            7,
            19,
            20,
            21,
            22,
            23,
            2
        ],
        "BatchAllocation": [
            4,
            2,
            22,
            4,
            1,
            1,
            12,
            12,
            12,
            12,
            12,
            12,
            12,
            12,
            12,
            12,
            12,
            3,
            1,
            13,
            13,
            13,
            13,
            13,
            1,
            1,
            1,
            1,
            1,
            11,
            11,
            11,
            1,
            1,
            1,
            11,
            11,
            11,
            11,
            11,
            11,
            0
        ],
        "EndIndices": [
            0,
            11,
            12,
            13,
            15,
            -1,
            -1,
            -1,
            -1,
            -1,
            -1,
            24,
            35,
            40,
            -1,
            -1,
            -1,
            -1,
            -1,
            -1,
            -1,
            -1,
            41,
            -1,
            -1,
            -1,
            -1,
            -1,
            -1,
            -1,
            -1,
            -1,
            -1
        ],
        "Preprocess Time": 0.0,
        "Best Constructive Solution": 5280.765338,
        "Construction Runtime": 0.010002613067626953,
        "Improvement Runtime": 3600.475219488144,
        "Overall Runtime": 3600.4852221012115,
        "Feasible Assignments": 234730,
        "PerturbationsRounds": 6598,
        "AcceptanceCounter": 2803,
        "AcceptanceRate": 0.4248257047590179,
        "PackingCalls Construction": 0,
        "PackingCalls Perturbation": 14202,
        "PackingCalls VNS": 232047,
        "NeighborhoodImprovements": {
            "3": 4,
            "2": 2,
            "0": 3,
            "1": 1
        },
        "SuccessfulPerturbations": 6598,
        "TimeToBest": 2.1151230335235596,
        "TimeTo70": 6.833399057388306,
        "ObjectiveAt70": 3287.311288
    }
}