{
    "Config02Problem9_22": {
        "EarlyEnd": false,
        "Objective Criterion": 2,
        "Objective Value": 3287.311288,
        "Permutation": [
            18,
            41,
            0,
            32,
            34,
            33,
            28,
            25,
            5,
            27,
            24,
            1,
            3,
            4,
            26,
            17,
            30,
            31,
            36,
            37,
            35,
            29,
            38,
            40,
            39,
            8,
            16,
            11,
            15,
            9,
            7,
            10,
            13,
            6,
            14,
            12,
            20,
            21,
            19,
            23,
            22,
            2
        ],
        "BatchAllocation": [
            1,
            3,
            22,
            4,
            5,
            2,
            12,
            12,
            12,
            12,
            12,
            12,
            12,
            12,
            12,
            12,
            12,
            6,
            0,
            13,
            13,
            13,
            13,
            13,
            2,
            2,
            5,
            2,
            2,
            11,
            11,
            11,
            2,
            2,
            2,
            11,
            11,
            11,
            11,
            11,
            11,
            0
        ],
        "EndIndices": [
            1,
            2,
            10,
            11,
            12,
            14,
            15,
            -1,
            -1,
            -1,
            -1,
            24,
            35,
            40,
            -1,
            -1,
            -1,
            -1,
            -1,
            -1,
            -1,
            -1,
            41,
            -1,
            -1,
            -1,
            -1,
            -1,
            -1,
            -1,
            -1,
            -1,
            -1
        ],
        "Preprocess Time": 0.0,
        "Best Constructive Solution": 5280.765338,
        "Construction Runtime": 0.015000581741333008,
        "Improvement Runtime": 3601.0601484775543,
        "Overall Runtime": 3601.0751490592957,
        "Feasible Assignments": 225063,
        "PerturbationsRounds": 6503,
        "AcceptanceCounter": 3092,
        "AcceptanceRate": 0.47547285868060896,
        "PackingCalls Construction": 0,
        "PackingCalls Perturbation": 8409,
        "PackingCalls VNS": 222245,
        "NeighborhoodImprovements": {
            "3": 3,
            "2": 2,
            "0": 7,
            "1": 2
        },
        "SuccessfulPerturbations": 6502,
        "TimeToBest": 7.789446592330933,
        "TimeTo70": 16.53795027732849,
        "ObjectiveAt70": 3287.311288
    }
}