{
    "Config02Problem2_4022": {
        "EarlyEnd": false,
        "Objective Criterion": 2,
        "Objective Value": 6754.497216,
        "Permutation": [
            6,
            8,
            29,
            4,
            5,
            7,
            33,
            32,
            30,
            31,
            24,
            22,
            23,
            16,
            13,
            15,
            14,
            2,
            1,
            11,
            9,
            18,
            21,
            35,
            27,
            26,
            0,
            3,
            10,
            12,
            19,
            20,
            28,
            37,
            34,
            36,
            17,
            25
        ],
        "BatchAllocation": [
            28,
            14,
            14,
            28,
            1,
            1,
            0,
            1,
            0,
            15,
            29,
            15,
            29,
            5,
            5,
            5,
            4,
            32,
            16,
            30,
            30,
            16,
            3,
            3,
            3,
            32,
            18,
            17,
            31,
            0,
            2,
            2,
            2,
            2,
            31,
            17,
            31,
            31
        ],
        "EndIndices": [
            2,
            5,
            9,
            12,
            13,
            16,
            -1,
            -1,
            -1,
            -1,
            -1,
            -1,
            -1,
            -1,
            18,
            20,
            22,
            24,
            25,
            -1,
            -1,
            -1,
            -1,
            -1,
            -1,
            -1,
            -1,
            -1,
            27,
            29,
            31,
            35,
            37,
            -1,
            -1,
            -1,
            -1,
            -1,
            -1,
            -1,
            -1,
            -1
        ],
        "Preprocess Time": 0.0010013580322265625,
        "Best Constructive Solution": 15176.97238,
        "Construction Runtime": 0.014014005661010742,
        "Improvement Runtime": 3601.292744398117,
        "Overall Runtime": 3601.306758403778,
        "Feasible Assignments": 40030,
        "PerturbationsRounds": 3008,
        "AcceptanceCounter": 212,
        "AcceptanceRate": 0.07047872340425532,
        "PackingCalls Construction": 0,
        "PackingCalls Perturbation": 31364,
        "PackingCalls VNS": 47675,
        "NeighborhoodImprovements": {
            "3": 20,
            "2": 7,
            "0": 21,
            "1": 9
        },
        "SuccessfulPerturbations": 3008,
        "TimeToBest": 3448.261307001114,
        "TimeTo70": 53.1305775642395,
        "ObjectiveAt70": 7344.661275
    }
}