{
    "Config02Problem5_4022": {
        "EarlyEnd": false,
        "Objective Criterion": 2,
        "Objective Value": 10658.753505,
        "Permutation": [
            25,
            23,
            26,
            24,
            22,
            16,
            15,
            18,
            17,
            5,
            4,
            1,
            0,
            20,
            19,
            21,
            32,
            33,
            35,
            31,
            34,
            10,
            36,
            3,
            37,
            28,
            14,
            29,
            2,
            13,
            27,
            30,
            6,
            8,
            7,
            9,
            11,
            12
        ],
        "BatchAllocation": [
            4,
            4,
            25,
            25,
            3,
            3,
            26,
            28,
            27,
            28,
            25,
            29,
            29,
            25,
            25,
            2,
            2,
            2,
            2,
            5,
            5,
            6,
            1,
            0,
            1,
            0,
            0,
            25,
            25,
            25,
            25,
            24,
            24,
            24,
            24,
            24,
            25,
            25
        ],
        "EndIndices": [
            2,
            4,
            8,
            10,
            12,
            14,
            15,
            -1,
            -1,
            -1,
            -1,
            -1,
            -1,
            -1,
            -1,
            -1,
            -1,
            -1,
            -1,
            -1,
            -1,
            -1,
            -1,
            -1,
            20,
            31,
            32,
            33,
            35,
            37,
            -1,
            -1,
            -1,
            -1,
            -1,
            -1
        ],
        "Preprocess Time": 0.0,
        "Best Constructive Solution": 16128.112395,
        "Construction Runtime": 0.012011051177978516,
        "Improvement Runtime": 3601.5449941158295,
        "Overall Runtime": 3601.5570051670074,
        "Feasible Assignments": 14028,
        "PerturbationsRounds": 6394,
        "AcceptanceCounter": 1355,
        "AcceptanceRate": 0.2119174225836722,
        "PackingCalls Construction": 0,
        "PackingCalls Perturbation": 29758,
        "PackingCalls VNS": 16623,
        "NeighborhoodImprovements": {
            "3": 4,
            "2": 1,
            "0": 4,
            "1": 4
        },
        "SuccessfulPerturbations": 6386,
        "TimeToBest": 5.8427839279174805,
        "TimeTo70": 15.10094690322876,
        "ObjectiveAt70": 10658.753505
    }
}