{
    "Config02Problem5_2022": {
        "EarlyEnd": false,
        "Objective Criterion": 2,
        "Objective Value": 10658.753505,
        "Permutation": [
            24,
            26,
            23,
            25,
            22,
            18,
            16,
            17,
            15,
            5,
            4,
            1,
            0,
            19,
            20,
            21,
            33,
            34,
            32,
            31,
            8,
            7,
            9,
            35,
            6,
            11,
            12,
            13,
            2,
            14,
            30,
            29,
            10,
            36,
            37,
            28,
            3,
            27
        ],
        "BatchAllocation": [
            4,
            4,
            25,
            25,
            3,
            2,
            24,
            24,
            12,
            24,
            25,
            25,
            25,
            25,
            25,
            2,
            2,
            2,
            2,
            5,
            5,
            6,
            1,
            0,
            0,
            1,
            0,
            25,
            25,
            25,
            25,
            12,
            12,
            12,
            12,
            24,
            25,
            25
        ],
        "EndIndices": [
            2,
            4,
            9,
            10,
            12,
            14,
            15,
            -1,
            -1,
            -1,
            -1,
            -1,
            20,
            -1,
            -1,
            -1,
            -1,
            -1,
            -1,
            -1,
            -1,
            -1,
            -1,
            -1,
            24,
            37,
            -1,
            -1,
            -1,
            -1,
            -1,
            -1,
            -1,
            -1,
            -1,
            -1
        ],
        "Preprocess Time": 0.0,
        "Best Constructive Solution": 16128.112395,
        "Construction Runtime": 0.012012243270874023,
        "Improvement Runtime": 3600.1736364364624,
        "Overall Runtime": 3600.1856486797333,
        "Feasible Assignments": 13138,
        "PerturbationsRounds": 8072,
        "AcceptanceCounter": 2015,
        "AcceptanceRate": 0.24962834489593658,
        "PackingCalls Construction": 0,
        "PackingCalls Perturbation": 42468,
        "PackingCalls VNS": 14824,
        "NeighborhoodImprovements": {
            "3": 4,
            "2": 3,
            "0": 5,
            "1": 2
        },
        "SuccessfulPerturbations": 8072,
        "TimeToBest": 2.9048781394958496,
        "TimeTo70": 7.443368434906006,
        "ObjectiveAt70": 10658.753505
    }
}