{
    "Config02Problem1_3022": {
        "EarlyEnd": false,
        "Objective Criterion": 2,
        "Objective Value": 5140.057074,
        "Permutation": [
            34,
            32,
            33,
            36,
            35,
            21,
            20,
            7,
            16,
            14,
            17,
            13,
            15,
            0,
            19,
            18,
            6,
            2,
            5,
            3,
            4,
            11,
            12,
            1,
            9,
            31,
            28,
            29,
            10,
            25,
            8,
            27,
            30,
            26,
            24,
            22,
            23
        ],
        "BatchAllocation": [
            18,
            36,
            19,
            20,
            20,
            19,
            19,
            7,
            37,
            36,
            36,
            21,
            21,
            8,
            8,
            8,
            8,
            8,
            18,
            18,
            6,
            5,
            37,
            38,
            37,
            36,
            37,
            37,
            36,
            36,
            37,
            36,
            1,
            2,
            0,
            4,
            3
        ],
        "EndIndices": [
            0,
            1,
            2,
            3,
            4,
            5,
            6,
            7,
            12,
            -1,
            -1,
            -1,
            -1,
            -1,
            -1,
            -1,
            -1,
            -1,
            15,
            18,
            20,
            22,
            -1,
            -1,
            -1,
            -1,
            -1,
            -1,
            -1,
            -1,
            -1,
            -1,
            -1,
            -1,
            -1,
            -1,
            29,
            35,
            36,
            -1,
            -1,
            -1,
            -1,
            -1,
            -1,
            -1,
            -1,
            -1,
            -1,
            -1,
            -1,
            -1,
            -1,
            -1
        ],
        "Preprocess Time": 0.0,
        "Best Constructive Solution": 10787.21823,
        "Construction Runtime": 0.015015363693237305,
        "Improvement Runtime": 3600.426887512207,
        "Overall Runtime": 3600.4419028759003,
        "Feasible Assignments": 11517,
        "PerturbationsRounds": 4074,
        "AcceptanceCounter": 2359,
        "AcceptanceRate": 0.5790378006872853,
        "PackingCalls Construction": 0,
        "PackingCalls Perturbation": 96348,
        "PackingCalls VNS": 20591,
        "NeighborhoodImprovements": {
            "3": 2,
            "2": 1,
            "0": 2,
            "1": 1
        },
        "SuccessfulPerturbations": 3169,
        "TimeToBest": 0.23423171043395996,
        "TimeTo70": 5.194140195846558,
        "ObjectiveAt70": 5140.057074
    }
}