{
    "Config02Problem6_1022": {
        "EarlyEnd": false,
        "Objective Criterion": 2,
        "Objective Value": 6169.7746,
        "Permutation": [
            38,
            40,
            41,
            37,
            39,
            8,
            9,
            22,
            24,
            25,
            23,
            21,
            20,
            10,
            13,
            12,
            3,
            2,
            1,
            0,
            35,
            36,
            34,
            30,
            32,
            16,
            15,
            14,
            11,
            5,
            6,
            4,
            7,
            29,
            31,
            33,
            27,
            28,
            26,
            17,
            18,
            19
        ],
        "BatchAllocation": [
            13,
            13,
            13,
            13,
            25,
            25,
            25,
            25,
            1,
            1,
            12,
            24,
            12,
            12,
            24,
            16,
            15,
            28,
            28,
            28,
            4,
            4,
            2,
            3,
            2,
            3,
            27,
            27,
            27,
            26,
            14,
            26,
            14,
            26,
            14,
            14,
            14,
            0,
            0,
            0,
            0,
            0
        ],
        "EndIndices": [
            4,
            6,
            8,
            10,
            12,
            -1,
            -1,
            -1,
            -1,
            -1,
            -1,
            -1,
            15,
            19,
            24,
            25,
            26,
            -1,
            -1,
            -1,
            -1,
            -1,
            -1,
            -1,
            28,
            32,
            35,
            38,
            41,
            -1,
            -1,
            -1,
            -1,
            -1,
            -1,
            -1
        ],
        "Preprocess Time": 0.0,
        "Best Constructive Solution": 11774.611624,
        "Construction Runtime": 0.013007640838623047,
        "Improvement Runtime": 3606.2849984169006,
        "Overall Runtime": 3606.2980060577393,
        "Feasible Assignments": 216793,
        "PerturbationsRounds": 1693,
        "AcceptanceCounter": 82,
        "AcceptanceRate": 0.04843473124630833,
        "PackingCalls Construction": 0,
        "PackingCalls Perturbation": 3219,
        "PackingCalls VNS": 220573,
        "NeighborhoodImprovements": {
            "3": 10,
            "2": 6,
            "0": 12,
            "1": 5
        },
        "SuccessfulPerturbations": 1693,
        "TimeToBest": 147.9474015235901,
        "TimeTo70": 253.7087504863739,
        "ObjectiveAt70": 6169.7746
    }
}