{
    "Config02Problem5_22": {
        "EarlyEnd": false,
        "Objective Criterion": 2,
        "Objective Value": 10658.753505,
        "Permutation": [
            22,
            26,
            23,
            25,
            24,
            4,
            5,
            15,
            18,
            17,
            16,
            1,
            0,
            19,
            20,
            21,
            34,
            31,
            35,
            33,
            32,
            27,
            28,
            29,
            30,
            2,
            10,
            3,
            37,
            36,
            11,
            12,
            13,
            14,
            7,
            6,
            9,
            8
        ],
        "BatchAllocation": [
            4,
            4,
            25,
            25,
            2,
            2,
            27,
            27,
            27,
            27,
            25,
            26,
            26,
            26,
            26,
            3,
            3,
            3,
            3,
            5,
            5,
            6,
            0,
            1,
            1,
            1,
            0,
            25,
            25,
            25,
            25,
            24,
            24,
            24,
            24,
            24,
            25,
            25
        ],
        "EndIndices": [
            1,
            4,
            6,
            10,
            12,
            14,
            15,
            -1,
            -1,
            -1,
            -1,
            -1,
            -1,
            -1,
            -1,
            -1,
            -1,
            -1,
            -1,
            -1,
            -1,
            -1,
            -1,
            -1,
            20,
            29,
            33,
            37,
            -1,
            -1,
            -1,
            -1,
            -1,
            -1,
            -1,
            -1
        ],
        "Preprocess Time": 0.0,
        "Best Constructive Solution": 16128.112395,
        "Construction Runtime": 0.013012170791625977,
        "Improvement Runtime": 3600.085702896118,
        "Overall Runtime": 3600.09871506691,
        "Feasible Assignments": 13278,
        "PerturbationsRounds": 6673,
        "AcceptanceCounter": 835,
        "AcceptanceRate": 0.1251311254308407,
        "PackingCalls Construction": 0,
        "PackingCalls Perturbation": 32857,
        "PackingCalls VNS": 15678,
        "NeighborhoodImprovements": {
            "3": 5,
            "2": 2,
            "0": 6,
            "1": 1
        },
        "SuccessfulPerturbations": 6671,
        "TimeToBest": 4.456413269042969,
        "TimeTo70": 11.447327613830566,
        "ObjectiveAt70": 10658.753505
    }
}