{
    "Config02Problem1_1022": {
        "EarlyEnd": false,
        "Objective Criterion": 2,
        "Objective Value": 5140.057074,
        "Permutation": [
            34,
            32,
            33,
            35,
            36,
            20,
            21,
            7,
            13,
            15,
            14,
            17,
            16,
            19,
            0,
            18,
            6,
            2,
            5,
            3,
            4,
            11,
            12,
            1,
            28,
            8,
            9,
            23,
            31,
            22,
            30,
            26,
            27,
            25,
            29,
            10,
            24
        ],
        "BatchAllocation": [
            18,
            36,
            19,
            20,
            20,
            19,
            19,
            7,
            37,
            37,
            38,
            21,
            21,
            8,
            8,
            8,
            8,
            8,
            18,
            18,
            5,
            6,
            37,
            37,
            39,
            38,
            38,
            38,
            36,
            38,
            38,
            37,
            1,
            2,
            0,
            3,
            4
        ],
        "EndIndices": [
            0,
            1,
            2,
            3,
            4,
            5,
            6,
            7,
            12,
            -1,
            -1,
            -1,
            -1,
            -1,
            -1,
            -1,
            -1,
            -1,
            15,
            18,
            20,
            22,
            -1,
            -1,
            -1,
            -1,
            -1,
            -1,
            -1,
            -1,
            -1,
            -1,
            -1,
            -1,
            -1,
            -1,
            24,
            29,
            35,
            36,
            -1,
            -1,
            -1,
            -1,
            -1,
            -1,
            -1,
            -1,
            -1,
            -1,
            -1,
            -1,
            -1,
            -1
        ],
        "Preprocess Time": 0.0,
        "Best Constructive Solution": 10810.452486,
        "Construction Runtime": 0.015004158020019531,
        "Improvement Runtime": 3600.4978897571564,
        "Overall Runtime": 3600.5128939151764,
        "Feasible Assignments": 13425,
        "PerturbationsRounds": 4156,
        "AcceptanceCounter": 2464,
        "AcceptanceRate": 0.5928777670837344,
        "PackingCalls Construction": 0,
        "PackingCalls Perturbation": 95418,
        "PackingCalls VNS": 22796,
        "NeighborhoodImprovements": {
            "3": 1,
            "2": 1,
            "0": 2,
            "1": 1
        },
        "SuccessfulPerturbations": 3801,
        "TimeToBest": 0.33315014839172363,
        "TimeTo70": 5.767607927322388,
        "ObjectiveAt70": 5140.057074
    }
}