{
    "Config02Problem9_3022": {
        "EarlyEnd": false,
        "Objective Criterion": 2,
        "Objective Value": 3287.311288,
        "Permutation": [
            41,
            24,
            27,
            4,
            26,
            25,
            33,
            32,
            34,
            28,
            5,
            18,
            2,
            1,
            35,
            31,
            36,
            29,
            38,
            37,
            30,
            39,
            40,
            7,
            10,
            11,
            15,
            13,
            9,
            16,
            8,
            14,
            6,
            12,
            22,
            21,
            19,
            23,
            20,
            0,
            3,
            17
        ],
        "BatchAllocation": [
            22,
            2,
            2,
            22,
            0,
            1,
            12,
            12,
            12,
            12,
            12,
            12,
            12,
            12,
            12,
            12,
            12,
            22,
            1,
            13,
            13,
            13,
            13,
            13,
            0,
            1,
            0,
            0,
            1,
            11,
            11,
            11,
            1,
            1,
            1,
            11,
            11,
            11,
            11,
            11,
            11,
            0
        ],
        "EndIndices": [
            4,
            11,
            13,
            -1,
            -1,
            -1,
            -1,
            -1,
            -1,
            -1,
            -1,
            22,
            33,
            38,
            -1,
            -1,
            -1,
            -1,
            -1,
            -1,
            -1,
            -1,
            41,
            -1,
            -1,
            -1,
            -1,
            -1,
            -1,
            -1,
            -1,
            -1,
            -1
        ],
        "Preprocess Time": 0.0,
        "Best Constructive Solution": 5280.765338,
        "Construction Runtime": 0.01000070571899414,
        "Improvement Runtime": 3600.0561335086823,
        "Overall Runtime": 3600.0661342144012,
        "Feasible Assignments": 243114,
        "PerturbationsRounds": 5552,
        "AcceptanceCounter": 1755,
        "AcceptanceRate": 0.31610230547550433,
        "PackingCalls Construction": 0,
        "PackingCalls Perturbation": 9513,
        "PackingCalls VNS": 240782,
        "NeighborhoodImprovements": {
            "3": 3,
            "2": 3,
            "0": 7,
            "1": 1
        },
        "SuccessfulPerturbations": 5551,
        "TimeToBest": 19.060108423233032,
        "TimeTo70": 28.71168875694275,
        "ObjectiveAt70": 3287.311288
    }
}