{
    "Config02Problem4_1022": {
        "EarlyEnd": false,
        "Objective Criterion": 2,
        "Objective Value": 4075.345612,
        "Permutation": [
            18,
            44,
            9,
            43,
            19,
            29,
            7,
            11,
            10,
            8,
            34,
            30,
            32,
            4,
            42,
            40,
            41,
            21,
            22,
            20,
            23,
            5,
            31,
            33,
            2,
            3,
            0,
            1,
            26,
            15,
            28,
            25,
            24,
            27,
            14,
            17,
            13,
            12,
            6,
            16,
            36,
            38,
            39,
            35,
            37
        ],
        "BatchAllocation": [
            26,
            26,
            26,
            26,
            3,
            14,
            28,
            2,
            2,
            0,
            2,
            2,
            28,
            28,
            28,
            27,
            28,
            28,
            0,
            1,
            14,
            14,
            14,
            14,
            27,
            27,
            27,
            27,
            27,
            1,
            3,
            14,
            3,
            14,
            3,
            30,
            29,
            30,
            29,
            29,
            13,
            13,
            13,
            0,
            0
        ],
        "EndIndices": [
            3,
            5,
            9,
            13,
            -1,
            -1,
            -1,
            -1,
            -1,
            -1,
            -1,
            -1,
            -1,
            16,
            23,
            -1,
            -1,
            -1,
            -1,
            -1,
            -1,
            -1,
            -1,
            -1,
            -1,
            -1,
            27,
            33,
            39,
            42,
            44,
            -1,
            -1,
            -1,
            -1,
            -1,
            -1,
            -1,
            -1
        ],
        "Preprocess Time": 0.0010001659393310547,
        "Best Constructive Solution": 8542.957879,
        "Construction Runtime": 0.017008304595947266,
        "Improvement Runtime": 3600.4663705825806,
        "Overall Runtime": 3600.4833788871765,
        "Feasible Assignments": 99973,
        "PerturbationsRounds": 3791,
        "AcceptanceCounter": 406,
        "AcceptanceRate": 0.10709575309944605,
        "PackingCalls Construction": 0,
        "PackingCalls Perturbation": 20353,
        "PackingCalls VNS": 119358,
        "NeighborhoodImprovements": {
            "3": 6,
            "2": 4,
            "0": 10,
            "1": 3
        },
        "SuccessfulPerturbations": 3791,
        "TimeToBest": 23.97683882713318,
        "TimeTo70": 45.78669857978821,
        "ObjectiveAt70": 4075.345612
    }
}