{
    "Config02Problem6_22": {
        "EarlyEnd": false,
        "Objective Criterion": 2,
        "Objective Value": 6278.605142,
        "Permutation": [
            37,
            41,
            38,
            40,
            39,
            9,
            8,
            24,
            20,
            23,
            25,
            22,
            10,
            14,
            1,
            11,
            13,
            12,
            21,
            18,
            19,
            17,
            32,
            35,
            36,
            7,
            5,
            2,
            3,
            4,
            6,
            0,
            28,
            16,
            27,
            15,
            26,
            34,
            33,
            31,
            30,
            29
        ],
        "BatchAllocation": [
            24,
            12,
            24,
            24,
            24,
            24,
            24,
            24,
            1,
            1,
            12,
            12,
            12,
            12,
            12,
            26,
            25,
            13,
            13,
            13,
            3,
            13,
            5,
            4,
            2,
            5,
            26,
            25,
            25,
            27,
            27,
            27,
            14,
            27,
            27,
            14,
            14,
            0,
            0,
            0,
            0,
            0
        ],
        "EndIndices": [
            4,
            6,
            7,
            8,
            9,
            11,
            -1,
            -1,
            -1,
            -1,
            -1,
            -1,
            17,
            21,
            24,
            -1,
            -1,
            -1,
            -1,
            -1,
            -1,
            -1,
            -1,
            -1,
            31,
            34,
            36,
            41,
            -1,
            -1,
            -1,
            -1,
            -1,
            -1,
            -1,
            -1
        ],
        "Preprocess Time": 0.0010001659393310547,
        "Best Constructive Solution": 12621.052282,
        "Construction Runtime": 0.023021936416625977,
        "Improvement Runtime": 3605.9325082302094,
        "Overall Runtime": 3605.955530166626,
        "Feasible Assignments": 265578,
        "PerturbationsRounds": 828,
        "AcceptanceCounter": 39,
        "AcceptanceRate": 0.04710144927536232,
        "PackingCalls Construction": 0,
        "PackingCalls Perturbation": 3001,
        "PackingCalls VNS": 269204,
        "NeighborhoodImprovements": {
            "3": 9,
            "2": 4,
            "0": 12,
            "1": 9
        },
        "SuccessfulPerturbations": 828,
        "TimeToBest": 1751.614354133606,
        "TimeTo70": 721.3738527297974,
        "ObjectiveAt70": 6633.911727
    }
}