{
    "Config02Problem2_22": {
        "EarlyEnd": false,
        "Objective Criterion": 2,
        "Objective Value": 6812.631306,
        "Permutation": [
            4,
            8,
            5,
            6,
            7,
            30,
            31,
            33,
            29,
            32,
            23,
            24,
            22,
            15,
            13,
            16,
            14,
            12,
            11,
            9,
            10,
            28,
            36,
            37,
            35,
            25,
            17,
            26,
            3,
            0,
            1,
            2,
            18,
            20,
            21,
            19,
            27,
            34
        ],
        "BatchAllocation": [
            28,
            28,
            28,
            28,
            0,
            0,
            1,
            1,
            0,
            14,
            14,
            14,
            14,
            4,
            5,
            4,
            5,
            16,
            29,
            29,
            29,
            29,
            3,
            3,
            3,
            16,
            16,
            30,
            15,
            2,
            1,
            2,
            2,
            2,
            30,
            15,
            15,
            15
        ],
        "EndIndices": [
            2,
            5,
            9,
            12,
            14,
            16,
            -1,
            -1,
            -1,
            -1,
            -1,
            -1,
            -1,
            -1,
            20,
            24,
            27,
            -1,
            -1,
            -1,
            -1,
            -1,
            -1,
            -1,
            -1,
            -1,
            -1,
            -1,
            31,
            35,
            37,
            -1,
            -1,
            -1,
            -1,
            -1,
            -1,
            -1,
            -1,
            -1,
            -1,
            -1
        ],
        "Preprocess Time": 0.0010001659393310547,
        "Best Constructive Solution": 15966.444868,
        "Construction Runtime": 0.026026487350463867,
        "Improvement Runtime": 3600.3051307201385,
        "Overall Runtime": 3600.331157207489,
        "Feasible Assignments": 51792,
        "PerturbationsRounds": 4176,
        "AcceptanceCounter": 249,
        "AcceptanceRate": 0.05962643678160919,
        "PackingCalls Construction": 0,
        "PackingCalls Perturbation": 37547,
        "PackingCalls VNS": 63165,
        "NeighborhoodImprovements": {
            "3": 4,
            "2": 3,
            "0": 9,
            "1": 6
        },
        "SuccessfulPerturbations": 4174,
        "TimeToBest": 10.137029886245728,
        "TimeTo70": 36.23185205459595,
        "ObjectiveAt70": 6812.631306
    }
}