{
    "Config02Problem6_3022": {
        "EarlyEnd": false,
        "Objective Criterion": 2,
        "Objective Value": 6416.763839,
        "Permutation": [
            39,
            41,
            40,
            38,
            37,
            8,
            9,
            6,
            19,
            22,
            24,
            23,
            25,
            12,
            14,
            2,
            3,
            11,
            21,
            17,
            20,
            18,
            28,
            26,
            36,
            33,
            10,
            0,
            13,
            1,
            5,
            7,
            4,
            16,
            15,
            27,
            34,
            32,
            35,
            31,
            29,
            30
        ],
        "BatchAllocation": [
            24,
            24,
            12,
            12,
            25,
            25,
            1,
            25,
            0,
            0,
            24,
            12,
            12,
            24,
            12,
            26,
            26,
            13,
            13,
            2,
            13,
            13,
            3,
            4,
            3,
            4,
            15,
            26,
            14,
            27,
            27,
            27,
            27,
            16,
            27,
            27,
            16,
            0,
            0,
            0,
            0,
            0
        ],
        "EndIndices": [
            6,
            7,
            8,
            10,
            12,
            -1,
            -1,
            -1,
            -1,
            -1,
            -1,
            -1,
            17,
            21,
            22,
            23,
            25,
            -1,
            -1,
            -1,
            -1,
            -1,
            -1,
            -1,
            29,
            32,
            35,
            41,
            -1,
            -1,
            -1,
            -1,
            -1,
            -1,
            -1,
            -1
        ],
        "Preprocess Time": 0.0,
        "Best Constructive Solution": 13916.552449,
        "Construction Runtime": 0.014014720916748047,
        "Improvement Runtime": 3605.078486442566,
        "Overall Runtime": 3605.0925011634827,
        "Feasible Assignments": 231780,
        "PerturbationsRounds": 800,
        "AcceptanceCounter": 63,
        "AcceptanceRate": 0.07875,
        "PackingCalls Construction": 0,
        "PackingCalls Perturbation": 2782,
        "PackingCalls VNS": 235483,
        "NeighborhoodImprovements": {
            "3": 20,
            "2": 10,
            "0": 18,
            "1": 18
        },
        "SuccessfulPerturbations": 799,
        "TimeToBest": 1066.517397403717,
        "TimeTo70": 628.6470897197723,
        "ObjectiveAt70": 6430.635494
    }
}