{
    "Config02Problem4_3022": {
        "EarlyEnd": false,
        "Objective Criterion": 2,
        "Objective Value": 4075.345612,
        "Permutation": [
            43,
            44,
            7,
            29,
            18,
            32,
            33,
            4,
            34,
            31,
            9,
            10,
            8,
            11,
            42,
            40,
            41,
            23,
            5,
            30,
            19,
            22,
            20,
            21,
            0,
            1,
            3,
            2,
            24,
            26,
            12,
            28,
            27,
            25,
            15,
            13,
            16,
            14,
            17,
            6,
            38,
            39,
            36,
            35,
            37
        ],
        "BatchAllocation": [
            26,
            26,
            26,
            26,
            3,
            14,
            28,
            0,
            4,
            4,
            4,
            4,
            27,
            28,
            28,
            28,
            28,
            28,
            2,
            14,
            14,
            14,
            14,
            14,
            27,
            27,
            27,
            27,
            27,
            1,
            14,
            3,
            3,
            3,
            3,
            30,
            29,
            30,
            29,
            29,
            13,
            13,
            13,
            0,
            0
        ],
        "EndIndices": [
            2,
            3,
            4,
            9,
            13,
            -1,
            -1,
            -1,
            -1,
            -1,
            -1,
            -1,
            -1,
            16,
            23,
            -1,
            -1,
            -1,
            -1,
            -1,
            -1,
            -1,
            -1,
            -1,
            -1,
            -1,
            27,
            33,
            39,
            42,
            44,
            -1,
            -1,
            -1,
            -1,
            -1,
            -1,
            -1,
            -1
        ],
        "Preprocess Time": 0.0,
        "Best Constructive Solution": 8542.957879,
        "Construction Runtime": 0.01701641082763672,
        "Improvement Runtime": 3601.08753824234,
        "Overall Runtime": 3601.1045546531677,
        "Feasible Assignments": 100008,
        "PerturbationsRounds": 3538,
        "AcceptanceCounter": 366,
        "AcceptanceRate": 0.10344827586206896,
        "PackingCalls Construction": 0,
        "PackingCalls Perturbation": 16784,
        "PackingCalls VNS": 121158,
        "NeighborhoodImprovements": {
            "3": 4,
            "2": 2,
            "0": 8,
            "1": 1
        },
        "SuccessfulPerturbations": 3538,
        "TimeToBest": 137.21578359603882,
        "TimeTo70": 9.989883422851562,
        "ObjectiveAt70": 4944.10834
    }
}