{
    "Config02Problem2_1022": {
        "EarlyEnd": false,
        "Objective Criterion": 2,
        "Objective Value": 6750.9244,
        "Permutation": [
            7,
            4,
            30,
            6,
            5,
            8,
            31,
            29,
            32,
            33,
            23,
            24,
            22,
            16,
            15,
            13,
            14,
            3,
            1,
            2,
            12,
            11,
            9,
            18,
            28,
            34,
            35,
            25,
            26,
            17,
            0,
            10,
            20,
            19,
            21,
            27,
            37,
            36
        ],
        "BatchAllocation": [
            28,
            14,
            14,
            14,
            0,
            1,
            1,
            0,
            1,
            15,
            29,
            15,
            15,
            5,
            5,
            5,
            4,
            19,
            16,
            30,
            30,
            30,
            3,
            3,
            3,
            18,
            18,
            31,
            17,
            2,
            0,
            2,
            2,
            2,
            17,
            17,
            31,
            31
        ],
        "EndIndices": [
            2,
            5,
            9,
            12,
            13,
            16,
            -1,
            -1,
            -1,
            -1,
            -1,
            -1,
            -1,
            -1,
            19,
            22,
            23,
            26,
            28,
            29,
            -1,
            -1,
            -1,
            -1,
            -1,
            -1,
            -1,
            -1,
            30,
            31,
            34,
            37,
            -1,
            -1,
            -1,
            -1,
            -1,
            -1,
            -1,
            -1,
            -1,
            -1
        ],
        "Preprocess Time": 0.0010013580322265625,
        "Best Constructive Solution": 15274.973564,
        "Construction Runtime": 0.013005256652832031,
        "Improvement Runtime": 3601.2648034095764,
        "Overall Runtime": 3601.2778086662292,
        "Feasible Assignments": 37596,
        "PerturbationsRounds": 4035,
        "AcceptanceCounter": 136,
        "AcceptanceRate": 0.03370508054522924,
        "PackingCalls Construction": 0,
        "PackingCalls Perturbation": 30350,
        "PackingCalls VNS": 45015,
        "NeighborhoodImprovements": {
            "3": 11,
            "2": 5,
            "0": 11,
            "1": 5
        },
        "SuccessfulPerturbations": 4035,
        "TimeToBest": 115.7338433265686,
        "TimeTo70": 35.10486817359924,
        "ObjectiveAt70": 6888.247306
    }
}