{
    "Config02Problem4_2022": {
        "EarlyEnd": false,
        "Objective Criterion": 2,
        "Objective Value": 4075.345612,
        "Permutation": [
            43,
            44,
            8,
            11,
            10,
            9,
            7,
            19,
            20,
            22,
            23,
            18,
            31,
            32,
            30,
            33,
            34,
            5,
            4,
            42,
            40,
            41,
            29,
            21,
            0,
            2,
            3,
            1,
            25,
            27,
            28,
            15,
            24,
            26,
            13,
            14,
            16,
            6,
            17,
            12,
            38,
            37,
            35,
            36,
            39
        ],
        "BatchAllocation": [
            26,
            26,
            26,
            26,
            3,
            3,
            28,
            0,
            0,
            0,
            0,
            0,
            28,
            28,
            28,
            27,
            28,
            28,
            2,
            1,
            1,
            14,
            1,
            1,
            27,
            27,
            27,
            27,
            27,
            14,
            3,
            3,
            3,
            3,
            3,
            30,
            30,
            29,
            29,
            30,
            13,
            13,
            13,
            0,
            0
        ],
        "EndIndices": [
            6,
            10,
            11,
            18,
            -1,
            -1,
            -1,
            -1,
            -1,
            -1,
            -1,
            -1,
            -1,
            21,
            23,
            -1,
            -1,
            -1,
            -1,
            -1,
            -1,
            -1,
            -1,
            -1,
            -1,
            -1,
            27,
            33,
            39,
            41,
            44,
            -1,
            -1,
            -1,
            -1,
            -1,
            -1,
            -1,
            -1
        ],
        "Preprocess Time": 0.0,
        "Best Constructive Solution": 8542.957879,
        "Construction Runtime": 0.01801896095275879,
        "Improvement Runtime": 3600.138598918915,
        "Overall Runtime": 3600.1566178798676,
        "Feasible Assignments": 102244,
        "PerturbationsRounds": 4334,
        "AcceptanceCounter": 290,
        "AcceptanceRate": 0.06691278264882326,
        "PackingCalls Construction": 0,
        "PackingCalls Perturbation": 22719,
        "PackingCalls VNS": 120530,
        "NeighborhoodImprovements": {
            "3": 10,
            "2": 2,
            "0": 13,
            "1": 4
        },
        "SuccessfulPerturbations": 4334,
        "TimeToBest": 9.738634586334229,
        "TimeTo70": 23.54729962348938,
        "ObjectiveAt70": 4075.345612
    }
}