{
    "Config02Problem4_4022": {
        "EarlyEnd": false,
        "Objective Criterion": 2,
        "Objective Value": 4075.345612,
        "Permutation": [
            43,
            44,
            18,
            4,
            20,
            22,
            19,
            21,
            9,
            7,
            8,
            11,
            10,
            34,
            30,
            5,
            31,
            33,
            32,
            41,
            40,
            42,
            29,
            23,
            3,
            2,
            0,
            1,
            26,
            25,
            28,
            24,
            27,
            16,
            13,
            14,
            15,
            6,
            12,
            17,
            37,
            36,
            39,
            35,
            38
        ],
        "BatchAllocation": [
            26,
            26,
            26,
            26,
            2,
            4,
            28,
            3,
            3,
            3,
            3,
            3,
            28,
            28,
            28,
            28,
            27,
            28,
            1,
            2,
            2,
            2,
            2,
            14,
            27,
            27,
            27,
            27,
            27,
            14,
            4,
            4,
            4,
            4,
            4,
            30,
            29,
            29,
            30,
            30,
            13,
            13,
            13,
            0,
            0
        ],
        "EndIndices": [
            1,
            2,
            7,
            12,
            18,
            -1,
            -1,
            -1,
            -1,
            -1,
            -1,
            -1,
            -1,
            21,
            23,
            -1,
            -1,
            -1,
            -1,
            -1,
            -1,
            -1,
            -1,
            -1,
            -1,
            -1,
            27,
            33,
            39,
            41,
            44,
            -1,
            -1,
            -1,
            -1,
            -1,
            -1,
            -1,
            -1
        ],
        "Preprocess Time": 0.0,
        "Best Constructive Solution": 8542.957879,
        "Construction Runtime": 0.018018245697021484,
        "Improvement Runtime": 3600.099561214447,
        "Overall Runtime": 3600.117579460144,
        "Feasible Assignments": 109308,
        "PerturbationsRounds": 3729,
        "AcceptanceCounter": 383,
        "AcceptanceRate": 0.10270850093858944,
        "PackingCalls Construction": 0,
        "PackingCalls Perturbation": 20260,
        "PackingCalls VNS": 129031,
        "NeighborhoodImprovements": {
            "3": 9,
            "2": 4,
            "0": 11,
            "1": 3
        },
        "SuccessfulPerturbations": 3729,
        "TimeToBest": 137.45001888275146,
        "TimeTo70": 46.01053214073181,
        "ObjectiveAt70": 4424.354203
    }
}