{
    "Config02Problem5_1022": {
        "EarlyEnd": false,
        "Objective Criterion": 2,
        "Objective Value": 10658.753505,
        "Permutation": [
            25,
            22,
            24,
            23,
            26,
            16,
            17,
            5,
            18,
            15,
            4,
            0,
            1,
            20,
            19,
            21,
            27,
            36,
            2,
            37,
            11,
            29,
            10,
            14,
            13,
            28,
            12,
            30,
            31,
            32,
            33,
            34,
            35,
            8,
            6,
            9,
            7,
            3
        ],
        "BatchAllocation": [
            4,
            4,
            24,
            27,
            3,
            2,
            26,
            26,
            26,
            26,
            24,
            24,
            24,
            24,
            24,
            2,
            2,
            2,
            2,
            5,
            5,
            6,
            0,
            1,
            0,
            0,
            1,
            24,
            24,
            24,
            24,
            25,
            25,
            25,
            25,
            25,
            24,
            24
        ],
        "EndIndices": [
            2,
            4,
            9,
            10,
            12,
            14,
            15,
            -1,
            -1,
            -1,
            -1,
            -1,
            -1,
            -1,
            -1,
            -1,
            -1,
            -1,
            -1,
            -1,
            -1,
            -1,
            -1,
            -1,
            27,
            32,
            36,
            37,
            -1,
            -1,
            -1,
            -1,
            -1,
            -1,
            -1,
            -1
        ],
        "Preprocess Time": 0.0,
        "Best Constructive Solution": 16128.112395,
        "Construction Runtime": 0.01300668716430664,
        "Improvement Runtime": 3600.0307896137238,
        "Overall Runtime": 3600.043796300888,
        "Feasible Assignments": 13600,
        "PerturbationsRounds": 7372,
        "AcceptanceCounter": 1137,
        "AcceptanceRate": 0.15423223005968528,
        "PackingCalls Construction": 0,
        "PackingCalls Perturbation": 37727,
        "PackingCalls VNS": 14764,
        "NeighborhoodImprovements": {
            "3": 4,
            "2": 1,
            "0": 4,
            "1": 2
        },
        "SuccessfulPerturbations": 7370,
        "TimeToBest": 14.837707757949829,
        "TimeTo70": 6.002715349197388,
        "ObjectiveAt70": 10731.282468
    }
}