{
    "Config01Problem0_3022": {
        "EarlyEnd": false,
        "Objective Criterion": 2,
        "Objective Value": 2475.288663,
        "Permutation": [
            11,
            6,
            12,
            13,
            5,
            7,
            8,
            9,
            10,
            1,
            3,
            0,
            4,
            2
        ],
        "BatchAllocation": [
            8,
            7,
            9,
            8,
            9,
            1,
            0,
            6,
            6,
            6,
            6,
            0,
            0,
            0
        ],
        "EndIndices": [
            3,
            4,
            -1,
            -1,
            -1,
            -1,
            8,
            9,
            11,
            13,
            -1,
            -1
        ],
        "Preprocess Time": 0.0,
        "Best Constructive Solution": 3856.108243,
        "Construction Runtime": 0.0010001659393310547,
        "Improvement Runtime": 900.165200471878,
        "Overall Runtime": 900.1662006378174,
        "Feasible Assignments": 201,
        "PerturbationsRounds": 15059,
        "AcceptanceCounter": 6458,
        "AcceptanceRate": 0.4288465369546451,
        "PackingCalls Construction": 0,
        "PackingCalls Perturbation": 44887,
        "PackingCalls VNS": 246,
        "NeighborhoodImprovements": {
            "3": 3,
            "2": 1,
            "0": 3,
            "1": 1
        },
        "SuccessfulPerturbations": 12070,
        "TimeToBest": 0.01600170135498047,
        "TimeTo70": 0.21401333808898926,
        "ObjectiveAt70": 2475.288663
    }
}