{
    "Config01Problem8_1022": {
        "EarlyEnd": false,
        "Objective Criterion": 2,
        "Objective Value": 764.028787,
        "Permutation": [
            14,
            15,
            16,
            13,
            4,
            5,
            6,
            7,
            8,
            1,
            2,
            3,
            0,
            9,
            10,
            11,
            12
        ],
        "BatchAllocation": [
            1,
            1,
            1,
            1,
            0,
            0,
            0,
            0,
            0,
            4,
            4,
            4,
            4,
            0,
            0,
            0,
            0
        ],
        "EndIndices": [
            8,
            12,
            -1,
            -1,
            16,
            -1,
            -1,
            -1
        ],
        "Preprocess Time": 0.0,
        "Best Constructive Solution": 839.422131,
        "Construction Runtime": 0.0009987354278564453,
        "Improvement Runtime": 900.0193812847137,
        "Overall Runtime": 900.0203800201416,
        "Feasible Assignments": 4877,
        "PerturbationsRounds": 43739,
        "AcceptanceCounter": 20229,
        "AcceptanceRate": 0.46249342691876816,
        "PackingCalls Construction": 0,
        "PackingCalls Perturbation": 23063,
        "PackingCalls VNS": 4651,
        "NeighborhoodImprovements": {
            "3": 1,
            "2": 1,
            "0": 1,
            "1": 1
        },
        "SuccessfulPerturbations": 33852,
        "TimeToBest": 0.0030024051666259766,
        "TimeTo70": 0.16998982429504395,
        "ObjectiveAt70": 764.028787
    }
}