{
    "Config01Problem7_3022": {
        "EarlyEnd": false,
        "Objective Criterion": 2,
        "Objective Value": 1590.291968,
        "Permutation": [
            10,
            6,
            9,
            3,
            5,
            4,
            1,
            0,
            2,
            8,
            7
        ],
        "BatchAllocation": [
            5,
            5,
            5,
            1,
            1,
            1,
            0,
            6,
            6,
            0,
            0
        ],
        "EndIndices": [
            2,
            5,
            -1,
            -1,
            -1,
            8,
            10,
            -1,
            -1,
            -1
        ],
        "Preprocess Time": 0.0,
        "Best Constructive Solution": 2496.920233,
        "Construction Runtime": 0.0011401176452636719,
        "Improvement Runtime": 900.0614964962006,
        "Overall Runtime": 900.0626366138458,
        "Feasible Assignments": 128,
        "PerturbationsRounds": 43783,
        "AcceptanceCounter": 21863,
        "AcceptanceRate": 0.4993490624214878,
        "PackingCalls Construction": 0,
        "PackingCalls Perturbation": 41032,
        "PackingCalls VNS": 77,
        "NeighborhoodImprovements": {
            "3": 1,
            "2": 1,
            "0": 2,
            "1": 1
        },
        "SuccessfulPerturbations": 35234,
        "TimeToBest": 0.0028679370880126953,
        "TimeTo70": 0.09285163879394531,
        "ObjectiveAt70": 1590.291968
    }
}