{
    "Config01Problem9_22": {
        "EarlyEnd": false,
        "Objective Criterion": 2,
        "Objective Value": 631.371533,
        "Permutation": [
            13,
            14,
            12,
            15,
            8,
            7,
            6,
            17,
            3,
            16,
            5,
            4,
            10,
            9,
            11,
            1,
            0,
            2
        ],
        "BatchAllocation": [
            7,
            7,
            7,
            5,
            5,
            5,
            1,
            1,
            1,
            6,
            6,
            6,
            0,
            0,
            0,
            0,
            5,
            5
        ],
        "EndIndices": [
            3,
            6,
            -1,
            -1,
            -1,
            11,
            14,
            17,
            -1,
            -1
        ],
        "Preprocess Time": 0.0,
        "Best Constructive Solution": 1237.700935,
        "Construction Runtime": 0.002002239227294922,
        "Improvement Runtime": 900.0020360946655,
        "Overall Runtime": 900.0040383338928,
        "Feasible Assignments": 2506,
        "PerturbationsRounds": 216390,
        "AcceptanceCounter": 17335,
        "AcceptanceRate": 0.08010998659827163,
        "PackingCalls Construction": 0,
        "PackingCalls Perturbation": 363,
        "PackingCalls VNS": 2126,
        "NeighborhoodImprovements": {
            "3": 1,
            "2": 3,
            "0": 3,
            "1": 1
        },
        "SuccessfulPerturbations": 216370,
        "TimeToBest": 0.37001943588256836,
        "TimeTo70": 0.22201228141784668,
        "ObjectiveAt70": 699.048432
    }
}