{
    "Config01Problem2_4022": {
        "EarlyEnd": false,
        "Objective Criterion": 2,
        "Objective Value": 2976.981277,
        "Permutation": [
            13,
            22,
            23,
            24,
            11,
            12,
            10,
            14,
            17,
            15,
            16,
            21,
            9,
            5,
            8,
            7,
            20,
            19,
            1,
            18,
            3,
            4,
            6,
            2,
            0
        ],
        "BatchAllocation": [
            12,
            9,
            12,
            10,
            10,
            3,
            11,
            3,
            3,
            3,
            0,
            0,
            0,
            0,
            1,
            1,
            1,
            1,
            9,
            9,
            9,
            2,
            0,
            0,
            0
        ],
        "EndIndices": [
            6,
            10,
            11,
            15,
            -1,
            -1,
            -1,
            -1,
            -1,
            19,
            21,
            22,
            24,
            -1,
            -1,
            -1,
            -1,
            -1
        ],
        "Preprocess Time": 0.0,
        "Best Constructive Solution": 4864.086795,
        "Construction Runtime": 0.0030012130737304688,
        "Improvement Runtime": 900.0054123401642,
        "Overall Runtime": 900.0084135532379,
        "Feasible Assignments": 2308,
        "PerturbationsRounds": 21661,
        "AcceptanceCounter": 3232,
        "AcceptanceRate": 0.14920825446655278,
        "PackingCalls Construction": 0,
        "PackingCalls Perturbation": 22932,
        "PackingCalls VNS": 2292,
        "NeighborhoodImprovements": {
            "3": 2,
            "2": 3,
            "0": 3,
            "1": 1
        },
        "SuccessfulPerturbations": 21661,
        "TimeToBest": 0.17200803756713867,
        "TimeTo70": 0.9050593376159668,
        "ObjectiveAt70": 2976.981277
    }
}