{
    "Config01Problem3_1022": {
        "EarlyEnd": false,
        "Objective Criterion": 2,
        "Objective Value": 3625.846087,
        "Permutation": [
            10,
            11,
            12,
            13,
            14,
            0,
            1,
            3,
            2,
            4,
            6,
            5,
            8,
            9,
            7
        ],
        "BatchAllocation": [
            1,
            1,
            1,
            1,
            2,
            2,
            2,
            6,
            5,
            5,
            0,
            0,
            0,
            0,
            0
        ],
        "EndIndices": [
            4,
            8,
            11,
            -1,
            -1,
            13,
            14,
            -1,
            -1,
            -1
        ],
        "Preprocess Time": 0.0,
        "Best Constructive Solution": 6598.454257,
        "Construction Runtime": 0.0020012855529785156,
        "Improvement Runtime": 900.0452721118927,
        "Overall Runtime": 900.0472733974457,
        "Feasible Assignments": 3127,
        "PerturbationsRounds": 19326,
        "AcceptanceCounter": 5334,
        "AcceptanceRate": 0.276001241850357,
        "PackingCalls Construction": 0,
        "PackingCalls Perturbation": 29186,
        "PackingCalls VNS": 3424,
        "NeighborhoodImprovements": {
            "3": 1,
            "2": 2,
            "0": 2,
            "1": 1
        },
        "SuccessfulPerturbations": 17637,
        "TimeToBest": 0.05800318717956543,
        "TimeTo70": 0.41402435302734375,
        "ObjectiveAt70": 3625.846087
    }
}