{
    "Config01Problem8_22": {
        "EarlyEnd": false,
        "Objective Criterion": 2,
        "Objective Value": 764.028787,
        "Permutation": [
            14,
            15,
            16,
            13,
            4,
            5,
            6,
            7,
            8,
            1,
            2,
            3,
            0,
            9,
            10,
            11,
            12
        ],
        "BatchAllocation": [
            1,
            1,
            1,
            1,
            0,
            0,
            0,
            0,
            0,
            4,
            4,
            4,
            4,
            0,
            0,
            0,
            0
        ],
        "EndIndices": [
            8,
            12,
            -1,
            -1,
            16,
            -1,
            -1,
            -1
        ],
        "Preprocess Time": 0.0,
        "Best Constructive Solution": 839.422131,
        "Construction Runtime": 0.001999378204345703,
        "Improvement Runtime": 900.0116276741028,
        "Overall Runtime": 900.0136270523071,
        "Feasible Assignments": 5112,
        "PerturbationsRounds": 43710,
        "AcceptanceCounter": 19753,
        "AcceptanceRate": 0.4519103180050332,
        "PackingCalls Construction": 0,
        "PackingCalls Perturbation": 23027,
        "PackingCalls VNS": 4806,
        "NeighborhoodImprovements": {
            "3": 1,
            "2": 1,
            "0": 1,
            "1": 1
        },
        "SuccessfulPerturbations": 33839,
        "TimeToBest": 0.002000093460083008,
        "TimeTo70": 0.1760118007659912,
        "ObjectiveAt70": 764.028787
    }
}