{
    "Config01Problem0_22": {
        "EarlyEnd": false,
        "Objective Criterion": 2,
        "Objective Value": 2421.197651,
        "Permutation": [
            11,
            13,
            12,
            5,
            8,
            9,
            10,
            7,
            0,
            1,
            3,
            2,
            4,
            6
        ],
        "BatchAllocation": [
            7,
            7,
            9,
            8,
            9,
            1,
            10,
            6,
            6,
            6,
            6,
            0,
            0,
            0
        ],
        "EndIndices": [
            2,
            3,
            -1,
            -1,
            -1,
            -1,
            7,
            9,
            10,
            12,
            13,
            -1
        ],
        "Preprocess Time": 0.0,
        "Best Constructive Solution": 3942.017659,
        "Construction Runtime": 0.002000570297241211,
        "Improvement Runtime": 900.13440990448,
        "Overall Runtime": 900.1364104747772,
        "Feasible Assignments": 203,
        "PerturbationsRounds": 14482,
        "AcceptanceCounter": 4090,
        "AcceptanceRate": 0.28241955531004004,
        "PackingCalls Construction": 0,
        "PackingCalls Perturbation": 42921,
        "PackingCalls VNS": 219,
        "NeighborhoodImprovements": {
            "3": 2,
            "2": 2,
            "0": 2,
            "1": 2
        },
        "SuccessfulPerturbations": 13899,
        "TimeToBest": 0.024002552032470703,
        "TimeTo70": 0.2610132694244385,
        "ObjectiveAt70": 2421.197651
    }
}