{
    "Config01Problem7_4022": {
        "EarlyEnd": false,
        "Objective Criterion": 2,
        "Objective Value": 1590.291968,
        "Permutation": [
            9,
            10,
            4,
            3,
            6,
            5,
            0,
            2,
            1,
            8,
            7
        ],
        "BatchAllocation": [
            5,
            5,
            5,
            1,
            0,
            1,
            1,
            6,
            6,
            0,
            0
        ],
        "EndIndices": [
            2,
            5,
            -1,
            -1,
            -1,
            8,
            10,
            -1,
            -1,
            -1
        ],
        "Preprocess Time": 0.0,
        "Best Constructive Solution": 2328.831361,
        "Construction Runtime": 0.0030002593994140625,
        "Improvement Runtime": 900.0293588638306,
        "Overall Runtime": 900.03235912323,
        "Feasible Assignments": 137,
        "PerturbationsRounds": 44158,
        "AcceptanceCounter": 22307,
        "AcceptanceRate": 0.5051632773223425,
        "PackingCalls Construction": 0,
        "PackingCalls Perturbation": 42100,
        "PackingCalls VNS": 79,
        "NeighborhoodImprovements": {
            "3": 1,
            "2": 1,
            "0": 1,
            "1": 1
        },
        "SuccessfulPerturbations": 35482,
        "TimeToBest": 0.004027605056762695,
        "TimeTo70": 0.09400200843811035,
        "ObjectiveAt70": 1590.291968
    }
}