{
    "Config01Problem8_2022": {
        "EarlyEnd": false,
        "Objective Criterion": 2,
        "Objective Value": 764.028787,
        "Permutation": [
            14,
            15,
            16,
            13,
            4,
            5,
            6,
            7,
            8,
            1,
            2,
            3,
            0,
            9,
            10,
            11,
            12
        ],
        "BatchAllocation": [
            1,
            1,
            1,
            1,
            0,
            0,
            0,
            0,
            0,
            4,
            4,
            4,
            4,
            0,
            0,
            0,
            0
        ],
        "EndIndices": [
            8,
            12,
            -1,
            -1,
            16,
            -1,
            -1,
            -1
        ],
        "Preprocess Time": 0.0,
        "Best Constructive Solution": 839.422131,
        "Construction Runtime": 0.002000570297241211,
        "Improvement Runtime": 900.0204558372498,
        "Overall Runtime": 900.022456407547,
        "Feasible Assignments": 4957,
        "PerturbationsRounds": 43449,
        "AcceptanceCounter": 19525,
        "AcceptanceRate": 0.44937743101107047,
        "PackingCalls Construction": 0,
        "PackingCalls Perturbation": 23007,
        "PackingCalls VNS": 4692,
        "NeighborhoodImprovements": {
            "3": 1,
            "2": 1,
            "0": 1,
            "1": 1
        },
        "SuccessfulPerturbations": 33609,
        "TimeToBest": 0.002000570297241211,
        "TimeTo70": 0.16000986099243164,
        "ObjectiveAt70": 764.028787
    }
}