{
    "Config01Problem3_22": {
        "EarlyEnd": false,
        "Objective Criterion": 2,
        "Objective Value": 3625.846087,
        "Permutation": [
            10,
            11,
            12,
            13,
            14,
            3,
            0,
            1,
            2,
            4,
            5,
            6,
            7,
            8,
            9
        ],
        "BatchAllocation": [
            1,
            1,
            1,
            1,
            2,
            2,
            2,
            5,
            5,
            5,
            0,
            0,
            0,
            0,
            0
        ],
        "EndIndices": [
            4,
            8,
            11,
            -1,
            -1,
            14,
            -1,
            -1,
            -1,
            -1
        ],
        "Preprocess Time": 0.0,
        "Best Constructive Solution": 6598.454257,
        "Construction Runtime": 0.002001047134399414,
        "Improvement Runtime": 900.0672862529755,
        "Overall Runtime": 900.0692873001099,
        "Feasible Assignments": 3068,
        "PerturbationsRounds": 19543,
        "AcceptanceCounter": 4545,
        "AcceptanceRate": 0.23256408944379062,
        "PackingCalls Construction": 0,
        "PackingCalls Perturbation": 29344,
        "PackingCalls VNS": 3366,
        "NeighborhoodImprovements": {
            "3": 2,
            "2": 2,
            "0": 2,
            "1": 1
        },
        "SuccessfulPerturbations": 15230,
        "TimeToBest": 0.06500363349914551,
        "TimeTo70": 0.4410252571105957,
        "ObjectiveAt70": 3625.846087
    }
}