{
    "Config01Problem4_3022": {
        "EarlyEnd": false,
        "Objective Criterion": 2,
        "Objective Value": 1884.372925,
        "Permutation": [
            0,
            1,
            6,
            9,
            8,
            7,
            2,
            3,
            4,
            5,
            11,
            10
        ],
        "BatchAllocation": [
            0,
            0,
            6,
            6,
            7,
            7,
            1,
            3,
            3,
            2,
            8,
            8
        ],
        "EndIndices": [
            1,
            2,
            3,
            5,
            -1,
            -1,
            7,
            9,
            11,
            -1,
            -1,
            -1
        ],
        "Preprocess Time": 0.0,
        "Best Constructive Solution": 2292.26457,
        "Construction Runtime": 0.0009999275207519531,
        "Improvement Runtime": 900.0143160820007,
        "Overall Runtime": 900.0153160095215,
        "Feasible Assignments": 226,
        "PerturbationsRounds": 45296,
        "AcceptanceCounter": 11507,
        "AcceptanceRate": 0.2540400918403391,
        "PackingCalls Construction": 0,
        "PackingCalls Perturbation": 25937,
        "PackingCalls VNS": 204,
        "NeighborhoodImprovements": {
            "3": 2,
            "2": 1,
            "0": 1,
            "1": 1
        },
        "SuccessfulPerturbations": 45293,
        "TimeToBest": 0.00700068473815918,
        "TimeTo70": 0.2260129451751709,
        "ObjectiveAt70": 1884.372925
    }
}