{
    "Config01Problem3_4022": {
        "EarlyEnd": false,
        "Objective Criterion": 2,
        "Objective Value": 3625.846087,
        "Permutation": [
            10,
            11,
            12,
            13,
            14,
            3,
            0,
            1,
            2,
            4,
            5,
            6,
            7,
            8,
            9
        ],
        "BatchAllocation": [
            1,
            1,
            1,
            1,
            2,
            2,
            2,
            5,
            5,
            5,
            0,
            0,
            0,
            0,
            0
        ],
        "EndIndices": [
            4,
            8,
            11,
            -1,
            -1,
            14,
            -1,
            -1,
            -1,
            -1
        ],
        "Preprocess Time": 0.0,
        "Best Constructive Solution": 6598.454257,
        "Construction Runtime": 0.00099945068359375,
        "Improvement Runtime": 900.0475203990936,
        "Overall Runtime": 900.0485198497772,
        "Feasible Assignments": 3083,
        "PerturbationsRounds": 19415,
        "AcceptanceCounter": 4518,
        "AcceptanceRate": 0.2327066701004378,
        "PackingCalls Construction": 0,
        "PackingCalls Perturbation": 29420,
        "PackingCalls VNS": 3404,
        "NeighborhoodImprovements": {
            "3": 2,
            "2": 2,
            "0": 2,
            "1": 1
        },
        "SuccessfulPerturbations": 15081,
        "TimeToBest": 0.08400344848632812,
        "TimeTo70": 0.4630255699157715,
        "ObjectiveAt70": 3625.846087
    }
}