{
    "Config01Problem9_4022": {
        "EarlyEnd": false,
        "Objective Criterion": 2,
        "Objective Value": 631.371533,
        "Permutation": [
            13,
            14,
            12,
            15,
            7,
            8,
            6,
            3,
            17,
            5,
            4,
            16,
            11,
            10,
            9,
            0,
            1,
            2
        ],
        "BatchAllocation": [
            7,
            7,
            7,
            5,
            5,
            5,
            1,
            1,
            1,
            6,
            6,
            6,
            0,
            0,
            0,
            0,
            5,
            5
        ],
        "EndIndices": [
            3,
            6,
            -1,
            -1,
            -1,
            11,
            14,
            17,
            -1,
            -1
        ],
        "Preprocess Time": 0.001050710678100586,
        "Best Constructive Solution": 867.770136,
        "Construction Runtime": 0.0009560585021972656,
        "Improvement Runtime": 900.0079288482666,
        "Overall Runtime": 900.0088849067688,
        "Feasible Assignments": 2502,
        "PerturbationsRounds": 237425,
        "AcceptanceCounter": 18110,
        "AcceptanceRate": 0.07627671896388333,
        "PackingCalls Construction": 0,
        "PackingCalls Perturbation": 303,
        "PackingCalls VNS": 2184,
        "NeighborhoodImprovements": {
            "3": 2,
            "2": 2,
            "0": 3,
            "1": 1
        },
        "SuccessfulPerturbations": 237422,
        "TimeToBest": 0.13500738143920898,
        "TimeTo70": 0.39101457595825195,
        "ObjectiveAt70": 631.371533
    }
}