{
    "Config01Problem6_3022": {
        "EarlyEnd": false,
        "Objective Criterion": 2,
        "Objective Value": 3020.275633,
        "Permutation": [
            4,
            3,
            5,
            6,
            7,
            14,
            13,
            15,
            0,
            1,
            8,
            2,
            16,
            10,
            17,
            12,
            11,
            9
        ],
        "BatchAllocation": [
            3,
            6,
            6,
            0,
            0,
            0,
            0,
            0,
            6,
            8,
            7,
            8,
            8,
            1,
            1,
            2,
            7,
            7
        ],
        "EndIndices": [
            4,
            6,
            7,
            8,
            -1,
            -1,
            11,
            14,
            17,
            -1,
            -1,
            -1
        ],
        "Preprocess Time": 0.0,
        "Best Constructive Solution": 4650.122644,
        "Construction Runtime": 0.0020036697387695312,
        "Improvement Runtime": 900.1753978729248,
        "Overall Runtime": 900.1774015426636,
        "Feasible Assignments": 759,
        "PerturbationsRounds": 12385,
        "AcceptanceCounter": 2077,
        "AcceptanceRate": 0.1677028663706096,
        "PackingCalls Construction": 0,
        "PackingCalls Perturbation": 44352,
        "PackingCalls VNS": 956,
        "NeighborhoodImprovements": {
            "3": 3,
            "2": 2,
            "0": 4,
            "1": 4
        },
        "SuccessfulPerturbations": 11942,
        "TimeToBest": 0.6400337219238281,
        "TimeTo70": 0.5560283660888672,
        "ObjectiveAt70": 3070.029179
    }
}