{
    "Config01Problem6_2022": {
        "EarlyEnd": false,
        "Objective Criterion": 2,
        "Objective Value": 3020.275633,
        "Permutation": [
            7,
            3,
            5,
            6,
            4,
            14,
            13,
            17,
            0,
            1,
            2,
            8,
            10,
            15,
            16,
            12,
            9,
            11
        ],
        "BatchAllocation": [
            3,
            6,
            6,
            0,
            0,
            0,
            0,
            0,
            6,
            8,
            7,
            8,
            8,
            1,
            1,
            7,
            7,
            2
        ],
        "EndIndices": [
            4,
            6,
            7,
            8,
            -1,
            -1,
            11,
            14,
            17,
            -1,
            -1,
            -1
        ],
        "Preprocess Time": 0.0,
        "Best Constructive Solution": 4183.670846,
        "Construction Runtime": 0.002000570297241211,
        "Improvement Runtime": 900.1155159473419,
        "Overall Runtime": 900.1175165176392,
        "Feasible Assignments": 742,
        "PerturbationsRounds": 12422,
        "AcceptanceCounter": 2226,
        "AcceptanceRate": 0.17919819674770568,
        "PackingCalls Construction": 0,
        "PackingCalls Perturbation": 45601,
        "PackingCalls VNS": 963,
        "NeighborhoodImprovements": {
            "3": 1,
            "2": 1,
            "0": 2,
            "1": 2
        },
        "SuccessfulPerturbations": 11936,
        "TimeToBest": 0.3260190486907959,
        "TimeTo70": 0.796046257019043,
        "ObjectiveAt70": 3020.275633
    }
}