{
    "Config01Problem6_22": {
        "EarlyEnd": false,
        "Objective Criterion": 2,
        "Objective Value": 3020.275633,
        "Permutation": [
            5,
            4,
            3,
            6,
            7,
            13,
            14,
            15,
            0,
            2,
            8,
            1,
            17,
            16,
            11,
            10,
            12,
            9
        ],
        "BatchAllocation": [
            3,
            6,
            6,
            0,
            0,
            0,
            0,
            0,
            6,
            8,
            8,
            7,
            8,
            1,
            1,
            2,
            7,
            7
        ],
        "EndIndices": [
            4,
            6,
            7,
            8,
            -1,
            -1,
            11,
            14,
            17,
            -1,
            -1,
            -1
        ],
        "Preprocess Time": 0.0,
        "Best Constructive Solution": 5684.343626,
        "Construction Runtime": 0.0019989013671875,
        "Improvement Runtime": 900.4331610202789,
        "Overall Runtime": 900.4351599216461,
        "Feasible Assignments": 749,
        "PerturbationsRounds": 12212,
        "AcceptanceCounter": 2127,
        "AcceptanceRate": 0.17417294464461186,
        "PackingCalls Construction": 0,
        "PackingCalls Perturbation": 42498,
        "PackingCalls VNS": 954,
        "NeighborhoodImprovements": {
            "3": 2,
            "2": 1,
            "0": 2,
            "1": 2
        },
        "SuccessfulPerturbations": 11760,
        "TimeToBest": 0.15800762176513672,
        "TimeTo70": 0.6330363750457764,
        "ObjectiveAt70": 3020.275633
    }
}