{
    "Config01Problem3_3022": {
        "EarlyEnd": false,
        "Objective Criterion": 2,
        "Objective Value": 3625.846087,
        "Permutation": [
            12,
            11,
            10,
            13,
            14,
            0,
            3,
            1,
            2,
            5,
            4,
            6,
            7,
            9,
            8
        ],
        "BatchAllocation": [
            1,
            1,
            1,
            1,
            2,
            2,
            2,
            5,
            5,
            5,
            0,
            0,
            0,
            0,
            0
        ],
        "EndIndices": [
            4,
            8,
            11,
            -1,
            -1,
            14,
            -1,
            -1,
            -1,
            -1
        ],
        "Preprocess Time": 0.0,
        "Best Constructive Solution": 6598.454257,
        "Construction Runtime": 0.0019996166229248047,
        "Improvement Runtime": 900.0230939388275,
        "Overall Runtime": 900.0250935554504,
        "Feasible Assignments": 3177,
        "PerturbationsRounds": 19234,
        "AcceptanceCounter": 4463,
        "AcceptanceRate": 0.2320370177810128,
        "PackingCalls Construction": 0,
        "PackingCalls Perturbation": 28970,
        "PackingCalls VNS": 3505,
        "NeighborhoodImprovements": {
            "3": 2,
            "2": 2,
            "0": 3,
            "1": 1
        },
        "SuccessfulPerturbations": 14955,
        "TimeToBest": 0.04900193214416504,
        "TimeTo70": 0.40702342987060547,
        "ObjectiveAt70": 3625.846087
    }
}