{
    "Config01Problem9_2022": {
        "EarlyEnd": false,
        "Objective Criterion": 2,
        "Objective Value": 631.371533,
        "Permutation": [
            13,
            12,
            15,
            14,
            6,
            8,
            7,
            16,
            17,
            5,
            3,
            4,
            10,
            9,
            11,
            0,
            1,
            2
        ],
        "BatchAllocation": [
            7,
            7,
            7,
            5,
            5,
            5,
            1,
            1,
            1,
            6,
            6,
            6,
            0,
            0,
            0,
            0,
            5,
            5
        ],
        "EndIndices": [
            3,
            6,
            -1,
            -1,
            -1,
            11,
            14,
            17,
            -1,
            -1
        ],
        "Preprocess Time": 0.0,
        "Best Constructive Solution": 1237.700935,
        "Construction Runtime": 0.0020275115966796875,
        "Improvement Runtime": 900.003741979599,
        "Overall Runtime": 900.0057694911957,
        "Feasible Assignments": 2496,
        "PerturbationsRounds": 234187,
        "AcceptanceCounter": 18616,
        "AcceptanceRate": 0.07949202987356258,
        "PackingCalls Construction": 0,
        "PackingCalls Perturbation": 303,
        "PackingCalls VNS": 2173,
        "NeighborhoodImprovements": {
            "3": 2,
            "2": 3,
            "0": 3,
            "1": 1
        },
        "SuccessfulPerturbations": 234183,
        "TimeToBest": 0.20498347282409668,
        "TimeTo70": 0.15097832679748535,
        "ObjectiveAt70": 699.048432
    }
}