{
    "Config01Problem8_4022": {
        "EarlyEnd": false,
        "Objective Criterion": 2,
        "Objective Value": 764.028787,
        "Permutation": [
            14,
            15,
            16,
            13,
            4,
            5,
            6,
            7,
            8,
            1,
            2,
            3,
            0,
            9,
            10,
            11,
            12
        ],
        "BatchAllocation": [
            1,
            1,
            1,
            1,
            0,
            0,
            0,
            0,
            0,
            4,
            4,
            4,
            4,
            0,
            0,
            0,
            0
        ],
        "EndIndices": [
            8,
            12,
            -1,
            -1,
            16,
            -1,
            -1,
            -1
        ],
        "Preprocess Time": 0.0,
        "Best Constructive Solution": 839.422131,
        "Construction Runtime": 0.0019996166229248047,
        "Improvement Runtime": 900.0405724048615,
        "Overall Runtime": 900.0425720214844,
        "Feasible Assignments": 4982,
        "PerturbationsRounds": 41864,
        "AcceptanceCounter": 19142,
        "AcceptanceRate": 0.4572424995222626,
        "PackingCalls Construction": 0,
        "PackingCalls Perturbation": 22485,
        "PackingCalls VNS": 4617,
        "NeighborhoodImprovements": {
            "3": 1,
            "2": 1,
            "0": 1,
            "1": 1
        },
        "SuccessfulPerturbations": 32264,
        "TimeToBest": 0.0020012855529785156,
        "TimeTo70": 0.16902494430541992,
        "ObjectiveAt70": 764.028787
    }
}