{
    "Config01Problem6_4022": {
        "EarlyEnd": false,
        "Objective Criterion": 2,
        "Objective Value": 3020.275633,
        "Permutation": [
            3,
            6,
            5,
            7,
            4,
            13,
            14,
            17,
            0,
            1,
            8,
            2,
            16,
            15,
            9,
            11,
            10,
            12
        ],
        "BatchAllocation": [
            3,
            6,
            6,
            0,
            0,
            0,
            0,
            0,
            6,
            7,
            8,
            8,
            8,
            1,
            1,
            7,
            7,
            2
        ],
        "EndIndices": [
            4,
            6,
            7,
            8,
            -1,
            -1,
            11,
            14,
            17,
            -1,
            -1,
            -1
        ],
        "Preprocess Time": 0.0,
        "Best Constructive Solution": 4699.501941,
        "Construction Runtime": 0.002000570297241211,
        "Improvement Runtime": 900.0030210018158,
        "Overall Runtime": 900.005021572113,
        "Feasible Assignments": 751,
        "PerturbationsRounds": 12173,
        "AcceptanceCounter": 2169,
        "AcceptanceRate": 0.17818122073441223,
        "PackingCalls Construction": 0,
        "PackingCalls Perturbation": 44804,
        "PackingCalls VNS": 886,
        "NeighborhoodImprovements": {
            "3": 5,
            "2": 4,
            "0": 4,
            "1": 2
        },
        "SuccessfulPerturbations": 11631,
        "TimeToBest": 3.866220235824585,
        "TimeTo70": 0.5790297985076904,
        "ObjectiveAt70": 3089.338937
    }
}