{
    "Config01Problem4_22": {
        "EarlyEnd": false,
        "Objective Criterion": 2,
        "Objective Value": 1884.372925,
        "Permutation": [
            1,
            3,
            6,
            7,
            8,
            9,
            2,
            0,
            5,
            4,
            10,
            11
        ],
        "BatchAllocation": [
            6,
            0,
            6,
            0,
            7,
            7,
            1,
            2,
            2,
            3,
            8,
            9
        ],
        "EndIndices": [
            1,
            2,
            4,
            5,
            -1,
            -1,
            7,
            9,
            10,
            11,
            -1,
            -1
        ],
        "Preprocess Time": 0.0,
        "Best Constructive Solution": 2634.236372,
        "Construction Runtime": 0.0009953975677490234,
        "Improvement Runtime": 900.0112795829773,
        "Overall Runtime": 900.012274980545,
        "Feasible Assignments": 224,
        "PerturbationsRounds": 47006,
        "AcceptanceCounter": 13109,
        "AcceptanceRate": 0.27887929200527595,
        "PackingCalls Construction": 0,
        "PackingCalls Perturbation": 23307,
        "PackingCalls VNS": 215,
        "NeighborhoodImprovements": {
            "3": 4,
            "2": 1,
            "0": 2,
            "1": 1
        },
        "SuccessfulPerturbations": 47006,
        "TimeToBest": 0.058001041412353516,
        "TimeTo70": 0.3370246887207031,
        "ObjectiveAt70": 1884.372925
    }
}