{
    "Config01Problem3_2022": {
        "EarlyEnd": false,
        "Objective Criterion": 2,
        "Objective Value": 3625.846087,
        "Permutation": [
            10,
            11,
            12,
            13,
            14,
            0,
            1,
            2,
            3,
            4,
            5,
            6,
            9,
            8,
            7
        ],
        "BatchAllocation": [
            1,
            1,
            1,
            1,
            2,
            2,
            2,
            6,
            6,
            5,
            0,
            0,
            0,
            0,
            0
        ],
        "EndIndices": [
            4,
            8,
            11,
            -1,
            -1,
            12,
            14,
            -1,
            -1,
            -1
        ],
        "Preprocess Time": 0.0,
        "Best Constructive Solution": 6598.454257,
        "Construction Runtime": 0.0019989013671875,
        "Improvement Runtime": 900.135294675827,
        "Overall Runtime": 900.1372935771942,
        "Feasible Assignments": 3166,
        "PerturbationsRounds": 18911,
        "AcceptanceCounter": 5226,
        "AcceptanceRate": 0.27634709957167786,
        "PackingCalls Construction": 0,
        "PackingCalls Perturbation": 28378,
        "PackingCalls VNS": 3463,
        "NeighborhoodImprovements": {
            "3": 1,
            "2": 2,
            "0": 2,
            "1": 1
        },
        "SuccessfulPerturbations": 17317,
        "TimeToBest": 0.01800084114074707,
        "TimeTo70": 0.3300187587738037,
        "ObjectiveAt70": 3625.846087
    }
}