{
    "Config01Problem2_2022": {
        "EarlyEnd": false,
        "Objective Criterion": 2,
        "Objective Value": 2976.981277,
        "Permutation": [
            13,
            22,
            23,
            24,
            11,
            10,
            12,
            14,
            16,
            17,
            15,
            21,
            5,
            8,
            6,
            9,
            20,
            19,
            0,
            18,
            3,
            2,
            4,
            1,
            7
        ],
        "BatchAllocation": [
            9,
            11,
            10,
            10,
            11,
            3,
            3,
            12,
            3,
            3,
            0,
            0,
            0,
            0,
            1,
            1,
            1,
            1,
            9,
            9,
            9,
            2,
            0,
            0,
            0
        ],
        "EndIndices": [
            6,
            10,
            11,
            15,
            -1,
            -1,
            -1,
            -1,
            -1,
            19,
            21,
            23,
            24,
            -1,
            -1,
            -1,
            -1,
            -1
        ],
        "Preprocess Time": 0.0,
        "Best Constructive Solution": 5532.711879,
        "Construction Runtime": 0.003000974655151367,
        "Improvement Runtime": 900.018253326416,
        "Overall Runtime": 900.0212543010712,
        "Feasible Assignments": 2309,
        "PerturbationsRounds": 21970,
        "AcceptanceCounter": 2863,
        "AcceptanceRate": 0.13031406463359127,
        "PackingCalls Construction": 0,
        "PackingCalls Perturbation": 23544,
        "PackingCalls VNS": 2287,
        "NeighborhoodImprovements": {
            "3": 11,
            "2": 5,
            "0": 10,
            "1": 1
        },
        "SuccessfulPerturbations": 21965,
        "TimeToBest": 14.152819633483887,
        "TimeTo70": 1.7250993251800537,
        "ObjectiveAt70": 2995.18757
    }
}