{
    "Config01Problem8_3022": {
        "EarlyEnd": false,
        "Objective Criterion": 2,
        "Objective Value": 764.028787,
        "Permutation": [
            14,
            15,
            16,
            13,
            4,
            5,
            6,
            7,
            8,
            1,
            2,
            3,
            0,
            9,
            10,
            11,
            12
        ],
        "BatchAllocation": [
            1,
            1,
            1,
            1,
            0,
            0,
            0,
            0,
            0,
            4,
            4,
            4,
            4,
            0,
            0,
            0,
            0
        ],
        "EndIndices": [
            8,
            12,
            -1,
            -1,
            16,
            -1,
            -1,
            -1
        ],
        "Preprocess Time": 0.0,
        "Best Constructive Solution": 839.422131,
        "Construction Runtime": 0.0020008087158203125,
        "Improvement Runtime": 900.0084323883057,
        "Overall Runtime": 900.0104331970215,
        "Feasible Assignments": 5106,
        "PerturbationsRounds": 42664,
        "AcceptanceCounter": 19578,
        "AcceptanceRate": 0.45888805550346895,
        "PackingCalls Construction": 0,
        "PackingCalls Perturbation": 22515,
        "PackingCalls VNS": 4859,
        "NeighborhoodImprovements": {
            "3": 1,
            "2": 1,
            "0": 1,
            "1": 1
        },
        "SuccessfulPerturbations": 33002,
        "TimeToBest": 0.002000570297241211,
        "TimeTo70": 0.17201018333435059,
        "ObjectiveAt70": 764.028787
    }
}