{
    "Config04Problem1_4022": {
        "EarlyEnd": false,
        "Objective Criterion": 2,
        "Objective Value": 4475.464309,
        "Permutation": [
            13,
            12,
            11,
            14,
            20,
            21,
            6,
            5,
            4,
            9,
            10,
            8,
            7,
            18,
            17,
            19,
            15,
            16,
            2,
            1,
            3,
            0
        ],
        "BatchAllocation": [
            8,
            8,
            8,
            8,
            2,
            2,
            2,
            6,
            6,
            6,
            6,
            0,
            0,
            0,
            0,
            7,
            7,
            7,
            7,
            7,
            1,
            1
        ],
        "EndIndices": [
            3,
            5,
            8,
            -1,
            -1,
            -1,
            12,
            17,
            21,
            -1,
            -1,
            -1
        ],
        "Preprocess Time": 0.0,
        "Best Constructive Solution": 6764.492368,
        "Construction Runtime": 0.003951549530029297,
        "Improvement Runtime": 900.0051422119141,
        "Overall Runtime": 900.0090937614441,
        "Feasible Assignments": 12231,
        "PerturbationsRounds": 73959,
        "AcceptanceCounter": 9384,
        "AcceptanceRate": 0.12688110980408063,
        "PackingCalls Construction": 0,
        "PackingCalls Perturbation": 264,
        "PackingCalls VNS": 13304,
        "NeighborhoodImprovements": {
            "3": 3,
            "2": 5,
            "0": 5,
            "1": 1
        },
        "SuccessfulPerturbations": 73947,
        "TimeToBest": 0.2620067596435547,
        "TimeTo70": 0.9760465621948242,
        "ObjectiveAt70": 4475.464309
    }
}