{
    "Config04Problem8_3022": {
        "EarlyEnd": false,
        "Objective Criterion": 2,
        "Objective Value": 2506.465099,
        "Permutation": [
            7,
            8,
            13,
            11,
            0,
            1,
            12,
            2,
            10,
            9,
            4,
            5,
            6,
            3,
            14,
            16,
            17,
            15
        ],
        "BatchAllocation": [
            7,
            7,
            7,
            9,
            9,
            9,
            9,
            0,
            0,
            8,
            8,
            7,
            7,
            7,
            10,
            10,
            10,
            10
        ],
        "EndIndices": [
            1,
            -1,
            -1,
            -1,
            -1,
            -1,
            -1,
            7,
            9,
            13,
            17,
            -1,
            -1,
            -1
        ],
        "Preprocess Time": 0.0,
        "Best Constructive Solution": 3062.059074,
        "Construction Runtime": 0.004001140594482422,
        "Improvement Runtime": 900.0282700061798,
        "Overall Runtime": 900.0322711467743,
        "Feasible Assignments": 1277,
        "PerturbationsRounds": 41662,
        "AcceptanceCounter": 4385,
        "AcceptanceRate": 0.10525178820027843,
        "PackingCalls Construction": 0,
        "PackingCalls Perturbation": 20721,
        "PackingCalls VNS": 1039,
        "NeighborhoodImprovements": {
            "3": 2,
            "2": 2,
            "0": 3,
            "1": 1
        },
        "SuccessfulPerturbations": 41596,
        "TimeToBest": 0.01399993896484375,
        "TimeTo70": 0.24301362037658691,
        "ObjectiveAt70": 2506.465099
    }
}