{
    "Config04Problem0_1022": {
        "EarlyEnd": false,
        "Objective Criterion": 2,
        "Objective Value": 4767.07887,
        "Permutation": [
            8,
            9,
            10,
            11,
            12,
            13,
            14,
            15,
            3,
            4,
            5,
            6,
            7,
            2,
            1,
            0
        ],
        "BatchAllocation": [
            10,
            9,
            9,
            8,
            8,
            8,
            8,
            8,
            0,
            0,
            1,
            2,
            7,
            7,
            7,
            7
        ],
        "EndIndices": [
            1,
            2,
            3,
            -1,
            -1,
            -1,
            -1,
            7,
            12,
            14,
            15,
            -1,
            -1,
            -1
        ],
        "Preprocess Time": 0.0,
        "Best Constructive Solution": 6018.533316,
        "Construction Runtime": 0.003000497817993164,
        "Improvement Runtime": 900.0289850234985,
        "Overall Runtime": 900.0319855213165,
        "Feasible Assignments": 651,
        "PerturbationsRounds": 39346,
        "AcceptanceCounter": 14131,
        "AcceptanceRate": 0.3591470543384334,
        "PackingCalls Construction": 0,
        "PackingCalls Perturbation": 38664,
        "PackingCalls VNS": 425,
        "NeighborhoodImprovements": {
            "3": 2,
            "2": 1,
            "0": 1,
            "1": 1
        },
        "SuccessfulPerturbations": 39345,
        "TimeToBest": 0.01900196075439453,
        "TimeTo70": 0.3891642093658447,
        "ObjectiveAt70": 4767.07887
    }
}