{
    "Config04Problem9_22": {
        "EarlyEnd": false,
        "Objective Criterion": 2,
        "Objective Value": 1295.390882,
        "Permutation": [
            17,
            0,
            2,
            4,
            1,
            3,
            13,
            16,
            14,
            15,
            9,
            12,
            7,
            5,
            6,
            8,
            11,
            10
        ],
        "BatchAllocation": [
            1,
            1,
            1,
            1,
            1,
            12,
            12,
            12,
            13,
            11,
            14,
            14,
            11,
            2,
            10,
            10,
            9,
            0
        ],
        "EndIndices": [
            0,
            5,
            6,
            -1,
            -1,
            -1,
            -1,
            -1,
            -1,
            7,
            9,
            11,
            14,
            15,
            17,
            -1,
            -1,
            -1
        ],
        "Preprocess Time": 0.0,
        "Best Constructive Solution": 1488.677163,
        "Construction Runtime": 0.004000186920166016,
        "Improvement Runtime": 900.1202948093414,
        "Overall Runtime": 900.1242949962616,
        "Feasible Assignments": 198,
        "PerturbationsRounds": 9934,
        "AcceptanceCounter": 1658,
        "AcceptanceRate": 0.16690155023152808,
        "PackingCalls Construction": 0,
        "PackingCalls Perturbation": 44468,
        "PackingCalls VNS": 132,
        "NeighborhoodImprovements": {
            "3": 4,
            "2": 2,
            "0": 4,
            "1": 1
        },
        "SuccessfulPerturbations": 9923,
        "TimeToBest": 0.5810325145721436,
        "TimeTo70": 0.4740259647369385,
        "ObjectiveAt70": 1329.169259
    }
}