{
    "Config04Problem9_3022": {
        "EarlyEnd": false,
        "Objective Criterion": 2,
        "Objective Value": 1295.390882,
        "Permutation": [
            17,
            3,
            2,
            0,
            1,
            4,
            13,
            15,
            16,
            14,
            5,
            7,
            6,
            8,
            10,
            12,
            9,
            11
        ],
        "BatchAllocation": [
            1,
            1,
            1,
            1,
            1,
            11,
            11,
            11,
            12,
            13,
            12,
            14,
            13,
            2,
            10,
            9,
            10,
            0
        ],
        "EndIndices": [
            0,
            5,
            6,
            -1,
            -1,
            -1,
            -1,
            -1,
            -1,
            7,
            9,
            12,
            14,
            16,
            17,
            -1,
            -1,
            -1
        ],
        "Preprocess Time": 0.0,
        "Best Constructive Solution": 1543.902733,
        "Construction Runtime": 0.003999233245849609,
        "Improvement Runtime": 900.1512310504913,
        "Overall Runtime": 900.1552302837372,
        "Feasible Assignments": 227,
        "PerturbationsRounds": 10142,
        "AcceptanceCounter": 1728,
        "AcceptanceRate": 0.17038059554328536,
        "PackingCalls Construction": 0,
        "PackingCalls Perturbation": 44500,
        "PackingCalls VNS": 169,
        "NeighborhoodImprovements": {
            "3": 5,
            "2": 2,
            "0": 5,
            "1": 1
        },
        "SuccessfulPerturbations": 10132,
        "TimeToBest": 0.5080325603485107,
        "TimeTo70": 0.4810307025909424,
        "ObjectiveAt70": 1319.755156
    }
}