{
    "Config04Problem2_1022": {
        "EarlyEnd": false,
        "Objective Criterion": 2,
        "Objective Value": 1554.186454,
        "Permutation": [
            1,
            4,
            3,
            0,
            2,
            18,
            16,
            21,
            14,
            15,
            17,
            19,
            13,
            20,
            12,
            9,
            10,
            11,
            6,
            5,
            7,
            8
        ],
        "BatchAllocation": [
            0,
            0,
            0,
            0,
            0,
            6,
            5,
            6,
            6,
            2,
            2,
            2,
            2,
            1,
            1,
            1,
            1,
            1,
            1,
            1,
            1,
            1
        ],
        "EndIndices": [
            4,
            13,
            17,
            -1,
            -1,
            18,
            21,
            -1,
            -1,
            -1
        ],
        "Preprocess Time": 0.001001119613647461,
        "Best Constructive Solution": 2101.638224,
        "Construction Runtime": 0.0060007572174072266,
        "Improvement Runtime": 900.0283808708191,
        "Overall Runtime": 900.0343816280365,
        "Feasible Assignments": 100925,
        "PerturbationsRounds": 9420,
        "AcceptanceCounter": 1162,
        "AcceptanceRate": 0.12335456475583864,
        "PackingCalls Construction": 0,
        "PackingCalls Perturbation": 9759,
        "PackingCalls VNS": 95557,
        "NeighborhoodImprovements": {
            "3": 1,
            "2": 1,
            "0": 4,
            "1": 1
        },
        "SuccessfulPerturbations": 9390,
        "TimeToBest": 0.18400859832763672,
        "TimeTo70": 1.462082862854004,
        "ObjectiveAt70": 1554.186454
    }
}