{
    "Config04Problem3_4022": {
        "EarlyEnd": false,
        "Objective Criterion": 2,
        "Objective Value": 3097.617811,
        "Permutation": [
            6,
            1,
            7,
            0,
            14,
            13,
            15,
            19,
            20,
            5,
            2,
            4,
            3,
            12,
            8,
            10,
            11,
            9,
            16,
            17,
            18
        ],
        "BatchAllocation": [
            0,
            0,
            10,
            10,
            10,
            9,
            0,
            0,
            11,
            11,
            11,
            11,
            11,
            1,
            1,
            1,
            12,
            12,
            12,
            2,
            2
        ],
        "EndIndices": [
            3,
            6,
            8,
            -1,
            -1,
            -1,
            -1,
            -1,
            -1,
            9,
            12,
            17,
            20,
            -1,
            -1,
            -1,
            -1,
            -1
        ],
        "Preprocess Time": 0.0,
        "Best Constructive Solution": 4640.112321,
        "Construction Runtime": 0.004004955291748047,
        "Improvement Runtime": 900.1022596359253,
        "Overall Runtime": 900.106264591217,
        "Feasible Assignments": 1650,
        "PerturbationsRounds": 18402,
        "AcceptanceCounter": 1300,
        "AcceptanceRate": 0.07064449516356917,
        "PackingCalls Construction": 0,
        "PackingCalls Perturbation": 27353,
        "PackingCalls VNS": 1870,
        "NeighborhoodImprovements": {
            "3": 7,
            "2": 5,
            "0": 5,
            "1": 2
        },
        "SuccessfulPerturbations": 18402,
        "TimeToBest": 2.1451222896575928,
        "TimeTo70": 0.8700575828552246,
        "ObjectiveAt70": 3517.769633
    }
}