{
    "Config04Problem4_3022": {
        "EarlyEnd": false,
        "Objective Criterion": 2,
        "Objective Value": 3679.760951,
        "Permutation": [
            12,
            1,
            4,
            6,
            0,
            2,
            5,
            7,
            3,
            11,
            8,
            10,
            9,
            13,
            14,
            15,
            16
        ],
        "BatchAllocation": [
            6,
            5,
            6,
            6,
            5,
            6,
            5,
            6,
            7,
            7,
            7,
            7,
            0,
            8,
            8,
            8,
            8
        ],
        "EndIndices": [
            0,
            -1,
            -1,
            -1,
            -1,
            3,
            8,
            12,
            16,
            -1
        ],
        "Preprocess Time": 0.0010008811950683594,
        "Best Constructive Solution": 4300.52957,
        "Construction Runtime": 0.0030002593994140625,
        "Improvement Runtime": 900.162328004837,
        "Overall Runtime": 900.1653282642365,
        "Feasible Assignments": 14071,
        "PerturbationsRounds": 6828,
        "AcceptanceCounter": 552,
        "AcceptanceRate": 0.08084358523725835,
        "PackingCalls Construction": 0,
        "PackingCalls Perturbation": 17932,
        "PackingCalls VNS": 22315,
        "NeighborhoodImprovements": {
            "3": 2,
            "2": 1,
            "0": 3,
            "1": 2
        },
        "SuccessfulPerturbations": 6598,
        "TimeToBest": 0.043001651763916016,
        "TimeTo70": 1.4950861930847168,
        "ObjectiveAt70": 3679.760951
    }
}