{
    "Config04Problem7_22": {
        "EarlyEnd": false,
        "Objective Criterion": 2,
        "Objective Value": 1062.676469,
        "Permutation": [
            8,
            7,
            4,
            5,
            6,
            12,
            11,
            9,
            10,
            13,
            2,
            3,
            1,
            0
        ],
        "BatchAllocation": [
            8,
            8,
            7,
            7,
            5,
            5,
            5,
            0,
            0,
            6,
            6,
            6,
            6,
            6
        ],
        "EndIndices": [
            1,
            -1,
            -1,
            -1,
            -1,
            4,
            9,
            11,
            13,
            -1
        ],
        "Preprocess Time": 0.0,
        "Best Constructive Solution": 1388.674442,
        "Construction Runtime": 0.0030002593994140625,
        "Improvement Runtime": 900.0035631656647,
        "Overall Runtime": 900.0065634250641,
        "Feasible Assignments": 205,
        "PerturbationsRounds": 494130,
        "AcceptanceCounter": 88184,
        "AcceptanceRate": 0.17846315746868233,
        "PackingCalls Construction": 0,
        "PackingCalls Perturbation": 44,
        "PackingCalls VNS": 152,
        "NeighborhoodImprovements": {
            "3": 3,
            "2": 2,
            "0": 4,
            "1": 1
        },
        "SuccessfulPerturbations": 490697,
        "TimeToBest": 0.0260012149810791,
        "TimeTo70": 0.16100764274597168,
        "ObjectiveAt70": 1062.676469
    }
}