{
    "Config04Problem2_4022": {
        "EarlyEnd": false,
        "Objective Criterion": 2,
        "Objective Value": 1554.186454,
        "Permutation": [
            4,
            1,
            3,
            0,
            2,
            19,
            20,
            21,
            13,
            14,
            15,
            17,
            16,
            18,
            11,
            10,
            9,
            12,
            7,
            5,
            8,
            6
        ],
        "BatchAllocation": [
            0,
            0,
            0,
            0,
            0,
            5,
            6,
            5,
            6,
            2,
            2,
            2,
            2,
            1,
            1,
            1,
            1,
            1,
            1,
            1,
            1,
            1
        ],
        "EndIndices": [
            4,
            13,
            17,
            -1,
            -1,
            19,
            21,
            -1,
            -1,
            -1
        ],
        "Preprocess Time": 0.0,
        "Best Constructive Solution": 2101.638224,
        "Construction Runtime": 0.00603485107421875,
        "Improvement Runtime": 900.0132308006287,
        "Overall Runtime": 900.0192656517029,
        "Feasible Assignments": 99192,
        "PerturbationsRounds": 8838,
        "AcceptanceCounter": 1029,
        "AcceptanceRate": 0.11642905634758995,
        "PackingCalls Construction": 0,
        "PackingCalls Perturbation": 9472,
        "PackingCalls VNS": 93692,
        "NeighborhoodImprovements": {
            "3": 2,
            "2": 2,
            "0": 3,
            "1": 1
        },
        "SuccessfulPerturbations": 8806,
        "TimeToBest": 0.1839754581451416,
        "TimeTo70": 1.621058464050293,
        "ObjectiveAt70": 1554.186454
    }
}