{
    "Config04Problem6_4022": {
        "EarlyEnd": false,
        "Objective Criterion": 2,
        "Objective Value": 2895.908586,
        "Permutation": [
            10,
            11,
            12,
            9,
            2,
            1,
            0,
            3,
            4,
            6,
            7,
            5,
            15,
            8,
            14,
            13
        ],
        "BatchAllocation": [
            2,
            1,
            1,
            2,
            2,
            3,
            3,
            3,
            10,
            1,
            0,
            0,
            0,
            12,
            11,
            9
        ],
        "EndIndices": [
            2,
            5,
            8,
            11,
            -1,
            -1,
            -1,
            -1,
            -1,
            12,
            13,
            14,
            15,
            -1,
            -1,
            -1,
            -1,
            -1
        ],
        "Preprocess Time": 0.0,
        "Best Constructive Solution": 3154.65483,
        "Construction Runtime": 0.007997751235961914,
        "Improvement Runtime": 900.0939619541168,
        "Overall Runtime": 900.1019597053528,
        "Feasible Assignments": 108,
        "PerturbationsRounds": 21753,
        "AcceptanceCounter": 6977,
        "AcceptanceRate": 0.32073736955822185,
        "PackingCalls Construction": 0,
        "PackingCalls Perturbation": 54808,
        "PackingCalls VNS": 49,
        "NeighborhoodImprovements": {
            "3": 1,
            "2": 1,
            "0": 1,
            "1": 1
        },
        "SuccessfulPerturbations": 16710,
        "TimeToBest": 0.0029959678649902344,
        "TimeTo70": 0.23101019859313965,
        "ObjectiveAt70": 2895.908586
    }
}