{
    "Config04Problem8_1022": {
        "EarlyEnd": false,
        "Objective Criterion": 2,
        "Objective Value": 2506.465099,
        "Permutation": [
            7,
            8,
            11,
            13,
            12,
            1,
            0,
            2,
            9,
            10,
            3,
            4,
            5,
            6,
            14,
            15,
            16,
            17
        ],
        "BatchAllocation": [
            7,
            7,
            7,
            9,
            9,
            9,
            9,
            0,
            0,
            8,
            8,
            7,
            7,
            7,
            10,
            10,
            10,
            10
        ],
        "EndIndices": [
            1,
            -1,
            -1,
            -1,
            -1,
            -1,
            -1,
            7,
            9,
            13,
            17,
            -1,
            -1,
            -1
        ],
        "Preprocess Time": 0.001001596450805664,
        "Best Constructive Solution": 3062.059074,
        "Construction Runtime": 0.004000425338745117,
        "Improvement Runtime": 900.0403702259064,
        "Overall Runtime": 900.0443706512451,
        "Feasible Assignments": 1300,
        "PerturbationsRounds": 40923,
        "AcceptanceCounter": 4316,
        "AcceptanceRate": 0.10546636365857831,
        "PackingCalls Construction": 0,
        "PackingCalls Perturbation": 20453,
        "PackingCalls VNS": 1064,
        "NeighborhoodImprovements": {
            "3": 2,
            "2": 2,
            "0": 1,
            "1": 1
        },
        "SuccessfulPerturbations": 40878,
        "TimeToBest": 0.011000871658325195,
        "TimeTo70": 0.22901344299316406,
        "ObjectiveAt70": 2506.465099
    }
}