{
    "Config04Problem5_2022": {
        "EarlyEnd": false,
        "Objective Criterion": 2,
        "Objective Value": 4163.332281,
        "Permutation": [
            1,
            8,
            7,
            12,
            9,
            13,
            14,
            11,
            10,
            0,
            5,
            3,
            4,
            6,
            2,
            15,
            16,
            17,
            18
        ],
        "BatchAllocation": [
            6,
            0,
            7,
            7,
            7,
            7,
            7,
            1,
            1,
            2,
            2,
            2,
            2,
            2,
            2,
            8,
            8,
            8,
            8
        ],
        "EndIndices": [
            0,
            2,
            8,
            -1,
            -1,
            -1,
            9,
            14,
            18,
            -1,
            -1,
            -1
        ],
        "Preprocess Time": 0.0,
        "Best Constructive Solution": 4868.207965,
        "Construction Runtime": 0.0030078887939453125,
        "Improvement Runtime": 900.0499551296234,
        "Overall Runtime": 900.0529630184174,
        "Feasible Assignments": 1100,
        "PerturbationsRounds": 33897,
        "AcceptanceCounter": 9445,
        "AcceptanceRate": 0.2786382275717615,
        "PackingCalls Construction": 0,
        "PackingCalls Perturbation": 32646,
        "PackingCalls VNS": 1087,
        "NeighborhoodImprovements": {
            "3": 1,
            "2": 1,
            "0": 2,
            "1": 1
        },
        "SuccessfulPerturbations": 33875,
        "TimeToBest": 0.12900400161743164,
        "TimeTo70": 0.10900068283081055,
        "ObjectiveAt70": 4401.44431
    }
}