{
    "Config04Problem5_1022": {
        "EarlyEnd": false,
        "Objective Criterion": 2,
        "Objective Value": 4163.332281,
        "Permutation": [
            8,
            1,
            12,
            13,
            14,
            11,
            9,
            10,
            7,
            0,
            4,
            2,
            5,
            6,
            3,
            18,
            16,
            15,
            17
        ],
        "BatchAllocation": [
            6,
            0,
            7,
            7,
            7,
            7,
            7,
            2,
            0,
            2,
            2,
            2,
            1,
            1,
            1,
            8,
            8,
            9,
            8
        ],
        "EndIndices": [
            1,
            4,
            8,
            -1,
            -1,
            -1,
            9,
            14,
            17,
            18,
            -1,
            -1
        ],
        "Preprocess Time": 0.0,
        "Best Constructive Solution": 4868.207965,
        "Construction Runtime": 0.0029993057250976562,
        "Improvement Runtime": 900.0309970378876,
        "Overall Runtime": 900.0339963436127,
        "Feasible Assignments": 1254,
        "PerturbationsRounds": 28538,
        "AcceptanceCounter": 12096,
        "AcceptanceRate": 0.42385591141635715,
        "PackingCalls Construction": 0,
        "PackingCalls Perturbation": 28407,
        "PackingCalls VNS": 1222,
        "NeighborhoodImprovements": {
            "3": 1,
            "2": 1,
            "0": 3,
            "1": 1
        },
        "SuccessfulPerturbations": 28535,
        "TimeToBest": 0.061002492904663086,
        "TimeTo70": 0.41202449798583984,
        "ObjectiveAt70": 4163.332281
    }
}