{
    "Config04Problem4_22": {
        "EarlyEnd": false,
        "Objective Criterion": 2,
        "Objective Value": 3679.760951,
        "Permutation": [
            12,
            5,
            3,
            6,
            0,
            4,
            7,
            1,
            2,
            9,
            10,
            11,
            8,
            13,
            14,
            15,
            16
        ],
        "BatchAllocation": [
            6,
            6,
            6,
            5,
            6,
            5,
            5,
            6,
            7,
            7,
            7,
            7,
            0,
            8,
            8,
            8,
            8
        ],
        "EndIndices": [
            0,
            -1,
            -1,
            -1,
            -1,
            3,
            8,
            12,
            16,
            -1
        ],
        "Preprocess Time": 0.001001119613647461,
        "Best Constructive Solution": 4300.52957,
        "Construction Runtime": 0.0039997100830078125,
        "Improvement Runtime": 900.5904288291931,
        "Overall Runtime": 900.5944285392761,
        "Feasible Assignments": 14299,
        "PerturbationsRounds": 5546,
        "AcceptanceCounter": 1034,
        "AcceptanceRate": 0.1864406779661017,
        "PackingCalls Construction": 0,
        "PackingCalls Perturbation": 16941,
        "PackingCalls VNS": 22288,
        "NeighborhoodImprovements": {
            "3": 2,
            "2": 2,
            "0": 3,
            "1": 1
        },
        "SuccessfulPerturbations": 4141,
        "TimeToBest": 0.11900758743286133,
        "TimeTo70": 1.7611067295074463,
        "ObjectiveAt70": 3679.760951
    }
}