{
    "Config04Problem8_4022": {
        "EarlyEnd": false,
        "Objective Criterion": 2,
        "Objective Value": 2506.465099,
        "Permutation": [
            7,
            8,
            13,
            11,
            12,
            0,
            1,
            2,
            9,
            10,
            4,
            5,
            6,
            3,
            14,
            15,
            16,
            17
        ],
        "BatchAllocation": [
            7,
            7,
            7,
            9,
            9,
            9,
            9,
            0,
            0,
            8,
            8,
            7,
            7,
            7,
            10,
            10,
            10,
            10
        ],
        "EndIndices": [
            1,
            -1,
            -1,
            -1,
            -1,
            -1,
            -1,
            7,
            9,
            13,
            17,
            -1,
            -1,
            -1
        ],
        "Preprocess Time": 0.0,
        "Best Constructive Solution": 3062.059074,
        "Construction Runtime": 0.003000020980834961,
        "Improvement Runtime": 900.0233829021454,
        "Overall Runtime": 900.0263829231262,
        "Feasible Assignments": 1263,
        "PerturbationsRounds": 40391,
        "AcceptanceCounter": 4460,
        "AcceptanceRate": 0.11042063826099874,
        "PackingCalls Construction": 0,
        "PackingCalls Perturbation": 20302,
        "PackingCalls VNS": 1017,
        "NeighborhoodImprovements": {
            "3": 2,
            "2": 2,
            "0": 2,
            "1": 1
        },
        "SuccessfulPerturbations": 40343,
        "TimeToBest": 0.07500600814819336,
        "TimeTo70": 0.3130202293395996,
        "ObjectiveAt70": 2506.465099
    }
}