{
    "Config04Problem5_3022": {
        "EarlyEnd": false,
        "Objective Criterion": 2,
        "Objective Value": 4163.332281,
        "Permutation": [
            9,
            1,
            10,
            8,
            11,
            13,
            14,
            7,
            12,
            0,
            2,
            3,
            4,
            5,
            6,
            17,
            15,
            16,
            18
        ],
        "BatchAllocation": [
            6,
            0,
            7,
            7,
            7,
            7,
            7,
            2,
            2,
            0,
            1,
            2,
            2,
            2,
            2,
            8,
            8,
            8,
            8
        ],
        "EndIndices": [
            1,
            2,
            8,
            -1,
            -1,
            -1,
            9,
            14,
            18,
            -1,
            -1,
            -1
        ],
        "Preprocess Time": 0.0,
        "Best Constructive Solution": 4868.207965,
        "Construction Runtime": 0.0029997825622558594,
        "Improvement Runtime": 900.0078480243683,
        "Overall Runtime": 900.0108478069305,
        "Feasible Assignments": 1131,
        "PerturbationsRounds": 33688,
        "AcceptanceCounter": 11331,
        "AcceptanceRate": 0.33635122298741393,
        "PackingCalls Construction": 0,
        "PackingCalls Perturbation": 33413,
        "PackingCalls VNS": 1098,
        "NeighborhoodImprovements": {
            "3": 1,
            "2": 1,
            "0": 3,
            "1": 1
        },
        "SuccessfulPerturbations": 33687,
        "TimeToBest": 0.022002696990966797,
        "TimeTo70": 0.2910184860229492,
        "ObjectiveAt70": 4163.332281
    }
}