{
    "Config04Problem9_4022": {
        "EarlyEnd": false,
        "Objective Criterion": 2,
        "Objective Value": 1295.390882,
        "Permutation": [
            17,
            0,
            3,
            2,
            1,
            4,
            13,
            16,
            15,
            14,
            11,
            8,
            6,
            5,
            7,
            12,
            10,
            9
        ],
        "BatchAllocation": [
            1,
            1,
            1,
            1,
            1,
            12,
            12,
            12,
            11,
            14,
            14,
            11,
            13,
            2,
            10,
            10,
            9,
            0
        ],
        "EndIndices": [
            0,
            5,
            6,
            -1,
            -1,
            -1,
            -1,
            -1,
            -1,
            7,
            9,
            11,
            14,
            15,
            17,
            -1,
            -1,
            -1
        ],
        "Preprocess Time": 0.0,
        "Best Constructive Solution": 1557.544496,
        "Construction Runtime": 0.003000974655151367,
        "Improvement Runtime": 900.1239473819733,
        "Overall Runtime": 900.1269483566284,
        "Feasible Assignments": 191,
        "PerturbationsRounds": 10169,
        "AcceptanceCounter": 1716,
        "AcceptanceRate": 0.1687481561608811,
        "PackingCalls Construction": 0,
        "PackingCalls Perturbation": 45830,
        "PackingCalls VNS": 107,
        "NeighborhoodImprovements": {
            "3": 5,
            "2": 2,
            "0": 5,
            "1": 1
        },
        "SuccessfulPerturbations": 10167,
        "TimeToBest": 0.5580770969390869,
        "TimeTo70": 0.3910481929779053,
        "ObjectiveAt70": 1329.169259
    }
}