{
    "Config04Problem2_2022": {
        "EarlyEnd": false,
        "Objective Criterion": 2,
        "Objective Value": 1554.186454,
        "Permutation": [
            1,
            4,
            0,
            2,
            3,
            21,
            13,
            15,
            14,
            20,
            17,
            18,
            16,
            19,
            9,
            11,
            12,
            10,
            7,
            6,
            5,
            8
        ],
        "BatchAllocation": [
            0,
            0,
            0,
            0,
            0,
            6,
            5,
            5,
            6,
            2,
            2,
            2,
            2,
            1,
            1,
            1,
            1,
            1,
            1,
            1,
            1,
            1
        ],
        "EndIndices": [
            4,
            13,
            17,
            -1,
            -1,
            19,
            21,
            -1,
            -1,
            -1
        ],
        "Preprocess Time": 0.0,
        "Best Constructive Solution": 1935.851437,
        "Construction Runtime": 0.004000186920166016,
        "Improvement Runtime": 900.5502369403839,
        "Overall Runtime": 900.5542371273041,
        "Feasible Assignments": 100204,
        "PerturbationsRounds": 9332,
        "AcceptanceCounter": 1171,
        "AcceptanceRate": 0.12548221174453494,
        "PackingCalls Construction": 0,
        "PackingCalls Perturbation": 9838,
        "PackingCalls VNS": 94868,
        "NeighborhoodImprovements": {
            "3": 1,
            "2": 2,
            "0": 3,
            "1": 1
        },
        "SuccessfulPerturbations": 9296,
        "TimeToBest": 0.31801629066467285,
        "TimeTo70": 1.412081003189087,
        "ObjectiveAt70": 1554.186454
    }
}