{
    "Config04Problem1_3022": {
        "EarlyEnd": false,
        "Objective Criterion": 2,
        "Objective Value": 4475.464309,
        "Permutation": [
            11,
            12,
            13,
            14,
            21,
            20,
            4,
            6,
            5,
            8,
            7,
            10,
            9,
            16,
            19,
            15,
            18,
            17,
            1,
            3,
            0,
            2
        ],
        "BatchAllocation": [
            8,
            8,
            8,
            8,
            2,
            2,
            2,
            6,
            6,
            6,
            6,
            0,
            0,
            0,
            0,
            7,
            7,
            7,
            7,
            7,
            1,
            1
        ],
        "EndIndices": [
            3,
            5,
            8,
            -1,
            -1,
            -1,
            12,
            17,
            21,
            -1,
            -1,
            -1
        ],
        "Preprocess Time": 0.0,
        "Best Constructive Solution": 6764.492368,
        "Construction Runtime": 0.004000425338745117,
        "Improvement Runtime": 900.0005400180817,
        "Overall Runtime": 900.0045404434204,
        "Feasible Assignments": 12250,
        "PerturbationsRounds": 72104,
        "AcceptanceCounter": 9276,
        "AcceptanceRate": 0.12864750915344503,
        "PackingCalls Construction": 0,
        "PackingCalls Perturbation": 224,
        "PackingCalls VNS": 13242,
        "NeighborhoodImprovements": {
            "3": 4,
            "2": 4,
            "0": 6,
            "1": 2
        },
        "SuccessfulPerturbations": 72103,
        "TimeToBest": 1.2590625286102295,
        "TimeTo70": 1.1980607509613037,
        "ObjectiveAt70": 4487.776752
    }
}