{
    "Config04Problem0_2022": {
        "EarlyEnd": false,
        "Objective Criterion": 2,
        "Objective Value": 4767.07887,
        "Permutation": [
            8,
            9,
            11,
            10,
            14,
            13,
            12,
            15,
            4,
            5,
            6,
            3,
            7,
            0,
            1,
            2
        ],
        "BatchAllocation": [
            9,
            10,
            10,
            8,
            8,
            8,
            8,
            8,
            0,
            0,
            2,
            1,
            7,
            7,
            7,
            7
        ],
        "EndIndices": [
            1,
            2,
            3,
            -1,
            -1,
            -1,
            -1,
            7,
            12,
            13,
            15,
            -1,
            -1,
            -1
        ],
        "Preprocess Time": 0.0,
        "Best Constructive Solution": 6018.533316,
        "Construction Runtime": 0.003000974655151367,
        "Improvement Runtime": 900.0469179153442,
        "Overall Runtime": 900.0499188899994,
        "Feasible Assignments": 628,
        "PerturbationsRounds": 40367,
        "AcceptanceCounter": 14469,
        "AcceptanceRate": 0.3584363465206728,
        "PackingCalls Construction": 0,
        "PackingCalls Perturbation": 39121,
        "PackingCalls VNS": 441,
        "NeighborhoodImprovements": {
            "3": 2,
            "2": 1,
            "0": 2,
            "1": 1
        },
        "SuccessfulPerturbations": 40367,
        "TimeToBest": 0.010999679565429688,
        "TimeTo70": 0.18200945854187012,
        "ObjectiveAt70": 4767.07887
    }
}