{
    "Config04Problem3_1022": {
        "EarlyEnd": false,
        "Objective Criterion": 2,
        "Objective Value": 3097.617811,
        "Permutation": [
            0,
            1,
            6,
            7,
            14,
            13,
            15,
            19,
            20,
            5,
            4,
            3,
            2,
            12,
            11,
            10,
            9,
            8,
            18,
            17,
            16
        ],
        "BatchAllocation": [
            0,
            0,
            10,
            10,
            10,
            9,
            0,
            0,
            11,
            11,
            11,
            11,
            11,
            1,
            1,
            1,
            13,
            12,
            12,
            2,
            2
        ],
        "EndIndices": [
            3,
            6,
            8,
            -1,
            -1,
            -1,
            -1,
            -1,
            -1,
            9,
            12,
            17,
            19,
            20,
            -1,
            -1,
            -1,
            -1
        ],
        "Preprocess Time": 0.0,
        "Best Constructive Solution": 4640.112321,
        "Construction Runtime": 0.0030014514923095703,
        "Improvement Runtime": 900.0804109573364,
        "Overall Runtime": 900.0834124088287,
        "Feasible Assignments": 1561,
        "PerturbationsRounds": 16715,
        "AcceptanceCounter": 2556,
        "AcceptanceRate": 0.15291654202811847,
        "PackingCalls Construction": 0,
        "PackingCalls Perturbation": 25313,
        "PackingCalls VNS": 1759,
        "NeighborhoodImprovements": {
            "3": 2,
            "2": 1,
            "0": 4,
            "1": 2
        },
        "SuccessfulPerturbations": 16715,
        "TimeToBest": 0.2650156021118164,
        "TimeTo70": 0.9200501441955566,
        "ObjectiveAt70": 3097.617811
    }
}