{
    "Config04Problem4_4022": {
        "EarlyEnd": false,
        "Objective Criterion": 2,
        "Objective Value": 3679.760951,
        "Permutation": [
            12,
            0,
            2,
            1,
            4,
            3,
            6,
            5,
            7,
            8,
            10,
            11,
            9,
            14,
            15,
            16,
            13
        ],
        "BatchAllocation": [
            5,
            5,
            5,
            5,
            5,
            6,
            6,
            6,
            7,
            7,
            7,
            7,
            0,
            8,
            8,
            8,
            8
        ],
        "EndIndices": [
            0,
            -1,
            -1,
            -1,
            -1,
            5,
            8,
            12,
            16,
            -1
        ],
        "Preprocess Time": 0.001001119613647461,
        "Best Constructive Solution": 4300.52957,
        "Construction Runtime": 0.00299835205078125,
        "Improvement Runtime": 900.0802626609802,
        "Overall Runtime": 900.083261013031,
        "Feasible Assignments": 15789,
        "PerturbationsRounds": 4701,
        "AcceptanceCounter": 531,
        "AcceptanceRate": 0.11295469049138482,
        "PackingCalls Construction": 0,
        "PackingCalls Perturbation": 14235,
        "PackingCalls VNS": 25108,
        "NeighborhoodImprovements": {
            "3": 1,
            "2": 2,
            "0": 3,
            "1": 2
        },
        "SuccessfulPerturbations": 3563,
        "TimeToBest": 43.896544218063354,
        "TimeTo70": 1.149075984954834,
        "ObjectiveAt70": 4216.201715
    }
}