{
    "Config04Problem2_22": {
        "EarlyEnd": false,
        "Objective Criterion": 2,
        "Objective Value": 1554.186454,
        "Permutation": [
            0,
            1,
            3,
            4,
            2,
            18,
            19,
            17,
            13,
            15,
            16,
            14,
            20,
            21,
            11,
            9,
            10,
            12,
            7,
            6,
            5,
            8
        ],
        "BatchAllocation": [
            0,
            0,
            0,
            0,
            0,
            6,
            5,
            5,
            6,
            2,
            2,
            2,
            2,
            1,
            1,
            1,
            1,
            1,
            1,
            1,
            1,
            1
        ],
        "EndIndices": [
            4,
            13,
            17,
            -1,
            -1,
            19,
            21,
            -1,
            -1,
            -1
        ],
        "Preprocess Time": 0.0,
        "Best Constructive Solution": 2101.638224,
        "Construction Runtime": 0.002999544143676758,
        "Improvement Runtime": 900.5057318210602,
        "Overall Runtime": 900.5087313652039,
        "Feasible Assignments": 98111,
        "PerturbationsRounds": 9763,
        "AcceptanceCounter": 1157,
        "AcceptanceRate": 0.118508655126498,
        "PackingCalls Construction": 0,
        "PackingCalls Perturbation": 10101,
        "PackingCalls VNS": 92480,
        "NeighborhoodImprovements": {
            "3": 1,
            "2": 2,
            "0": 2,
            "1": 1
        },
        "SuccessfulPerturbations": 9739,
        "TimeToBest": 0.2800178527832031,
        "TimeTo70": 1.682100534439087,
        "ObjectiveAt70": 1554.186454
    }
}