{
    "Config04Problem4_1022": {
        "EarlyEnd": false,
        "Objective Criterion": 2,
        "Objective Value": 3679.760951,
        "Permutation": [
            12,
            3,
            2,
            7,
            0,
            4,
            6,
            5,
            1,
            8,
            9,
            10,
            11,
            13,
            14,
            15,
            16
        ],
        "BatchAllocation": [
            6,
            6,
            5,
            5,
            6,
            6,
            6,
            5,
            7,
            7,
            7,
            7,
            0,
            8,
            8,
            8,
            8
        ],
        "EndIndices": [
            0,
            -1,
            -1,
            -1,
            -1,
            3,
            8,
            12,
            16,
            -1
        ],
        "Preprocess Time": 0.0010004043579101562,
        "Best Constructive Solution": 4300.52957,
        "Construction Runtime": 0.0029997825622558594,
        "Improvement Runtime": 900.2075242996216,
        "Overall Runtime": 900.2105240821838,
        "Feasible Assignments": 14127,
        "PerturbationsRounds": 6377,
        "AcceptanceCounter": 536,
        "AcceptanceRate": 0.08405206209816528,
        "PackingCalls Construction": 0,
        "PackingCalls Perturbation": 17269,
        "PackingCalls VNS": 22563,
        "NeighborhoodImprovements": {
            "3": 1,
            "2": 2,
            "0": 2,
            "1": 1
        },
        "SuccessfulPerturbations": 6151,
        "TimeToBest": 0.04200243949890137,
        "TimeTo70": 1.6130974292755127,
        "ObjectiveAt70": 3679.760951
    }
}