{
    "Config04Problem0_22": {
        "EarlyEnd": false,
        "Objective Criterion": 2,
        "Objective Value": 4767.07887,
        "Permutation": [
            8,
            9,
            10,
            11,
            12,
            13,
            14,
            15,
            7,
            3,
            4,
            5,
            6,
            2,
            1,
            0
        ],
        "BatchAllocation": [
            10,
            9,
            9,
            8,
            8,
            8,
            8,
            8,
            0,
            0,
            1,
            2,
            7,
            7,
            7,
            7
        ],
        "EndIndices": [
            1,
            2,
            3,
            -1,
            -1,
            -1,
            -1,
            7,
            12,
            14,
            15,
            -1,
            -1,
            -1
        ],
        "Preprocess Time": 0.0,
        "Best Constructive Solution": 6018.533316,
        "Construction Runtime": 0.0029997825622558594,
        "Improvement Runtime": 900.045074224472,
        "Overall Runtime": 900.0480740070343,
        "Feasible Assignments": 636,
        "PerturbationsRounds": 38771,
        "AcceptanceCounter": 13829,
        "AcceptanceRate": 0.35668411957390833,
        "PackingCalls Construction": 0,
        "PackingCalls Perturbation": 37593,
        "PackingCalls VNS": 464,
        "NeighborhoodImprovements": {
            "3": 2,
            "2": 1,
            "0": 2,
            "1": 1
        },
        "SuccessfulPerturbations": 38769,
        "TimeToBest": 0.021001100540161133,
        "TimeTo70": 0.18800568580627441,
        "ObjectiveAt70": 4767.07887
    }
}