{
    "Config04Problem6_22": {
        "EarlyEnd": false,
        "Objective Criterion": 2,
        "Objective Value": 2895.908586,
        "Permutation": [
            10,
            11,
            12,
            9,
            2,
            1,
            0,
            3,
            4,
            6,
            7,
            5,
            15,
            8,
            14,
            13
        ],
        "BatchAllocation": [
            2,
            1,
            1,
            2,
            2,
            3,
            3,
            3,
            10,
            1,
            0,
            0,
            0,
            12,
            11,
            9
        ],
        "EndIndices": [
            2,
            5,
            8,
            11,
            -1,
            -1,
            -1,
            -1,
            -1,
            12,
            13,
            14,
            15,
            -1,
            -1,
            -1,
            -1,
            -1
        ],
        "Preprocess Time": 0.0,
        "Best Constructive Solution": 3154.65483,
        "Construction Runtime": 0.0029997825622558594,
        "Improvement Runtime": 900.0993559360504,
        "Overall Runtime": 900.1023557186127,
        "Feasible Assignments": 106,
        "PerturbationsRounds": 22101,
        "AcceptanceCounter": 7092,
        "AcceptanceRate": 0.3208904574453645,
        "PackingCalls Construction": 0,
        "PackingCalls Perturbation": 55252,
        "PackingCalls VNS": 52,
        "NeighborhoodImprovements": {
            "3": 1,
            "2": 1,
            "0": 1,
            "1": 1
        },
        "SuccessfulPerturbations": 17024,
        "TimeToBest": 0.0030007362365722656,
        "TimeTo70": 0.23601341247558594,
        "ObjectiveAt70": 2895.908586
    }
}