{
    "Config04Problem8_2022": {
        "EarlyEnd": false,
        "Objective Criterion": 2,
        "Objective Value": 2506.465099,
        "Permutation": [
            7,
            8,
            0,
            12,
            13,
            11,
            2,
            1,
            10,
            9,
            6,
            4,
            3,
            5,
            16,
            17,
            14,
            15
        ],
        "BatchAllocation": [
            7,
            7,
            7,
            9,
            9,
            9,
            9,
            0,
            0,
            8,
            8,
            7,
            7,
            7,
            10,
            10,
            10,
            10
        ],
        "EndIndices": [
            1,
            -1,
            -1,
            -1,
            -1,
            -1,
            -1,
            7,
            9,
            13,
            17,
            -1,
            -1,
            -1
        ],
        "Preprocess Time": 0.0,
        "Best Constructive Solution": 3062.059074,
        "Construction Runtime": 0.0030002593994140625,
        "Improvement Runtime": 900.0134358406067,
        "Overall Runtime": 900.0164361000061,
        "Feasible Assignments": 1237,
        "PerturbationsRounds": 41503,
        "AcceptanceCounter": 4430,
        "AcceptanceRate": 0.10673927185986555,
        "PackingCalls Construction": 0,
        "PackingCalls Perturbation": 20951,
        "PackingCalls VNS": 987,
        "NeighborhoodImprovements": {
            "3": 2,
            "2": 1,
            "0": 3,
            "1": 1
        },
        "SuccessfulPerturbations": 41439,
        "TimeToBest": 0.08800530433654785,
        "TimeTo70": 0.31201934814453125,
        "ObjectiveAt70": 2506.465099
    }
}