{
    "Config04Problem9_1022": {
        "EarlyEnd": false,
        "Objective Criterion": 2,
        "Objective Value": 1295.390882,
        "Permutation": [
            17,
            3,
            1,
            0,
            2,
            4,
            13,
            14,
            16,
            15,
            11,
            5,
            7,
            6,
            9,
            8,
            10,
            12
        ],
        "BatchAllocation": [
            1,
            1,
            1,
            0,
            1,
            12,
            12,
            12,
            13,
            13,
            14,
            11,
            14,
            2,
            9,
            10,
            9,
            0
        ],
        "EndIndices": [
            1,
            5,
            6,
            -1,
            -1,
            -1,
            -1,
            -1,
            -1,
            8,
            9,
            10,
            13,
            15,
            17,
            -1,
            -1,
            -1
        ],
        "Preprocess Time": 0.0,
        "Best Constructive Solution": 1512.48767,
        "Construction Runtime": 0.003999471664428711,
        "Improvement Runtime": 900.0652735233307,
        "Overall Runtime": 900.0692729949951,
        "Feasible Assignments": 199,
        "PerturbationsRounds": 9634,
        "AcceptanceCounter": 1963,
        "AcceptanceRate": 0.20375752543076603,
        "PackingCalls Construction": 0,
        "PackingCalls Perturbation": 43386,
        "PackingCalls VNS": 136,
        "NeighborhoodImprovements": {
            "3": 5,
            "2": 2,
            "0": 3,
            "1": 1
        },
        "SuccessfulPerturbations": 9631,
        "TimeToBest": 0.43302440643310547,
        "TimeTo70": 0.8830485343933105,
        "ObjectiveAt70": 1295.390882
    }
}