{
    "Config04Problem6_3022": {
        "EarlyEnd": false,
        "Objective Criterion": 2,
        "Objective Value": 2895.908586,
        "Permutation": [
            10,
            11,
            12,
            9,
            2,
            1,
            0,
            3,
            4,
            6,
            7,
            5,
            15,
            8,
            14,
            13
        ],
        "BatchAllocation": [
            2,
            1,
            1,
            2,
            2,
            3,
            3,
            3,
            10,
            1,
            0,
            0,
            0,
            12,
            11,
            9
        ],
        "EndIndices": [
            2,
            5,
            8,
            11,
            -1,
            -1,
            -1,
            -1,
            -1,
            12,
            13,
            14,
            15,
            -1,
            -1,
            -1,
            -1,
            -1
        ],
        "Preprocess Time": 0.0,
        "Best Constructive Solution": 3154.65483,
        "Construction Runtime": 0.003000020980834961,
        "Improvement Runtime": 900.1042008399963,
        "Overall Runtime": 900.1072008609772,
        "Feasible Assignments": 106,
        "PerturbationsRounds": 21339,
        "AcceptanceCounter": 6827,
        "AcceptanceRate": 0.31993064342284083,
        "PackingCalls Construction": 0,
        "PackingCalls Perturbation": 53642,
        "PackingCalls VNS": 53,
        "NeighborhoodImprovements": {
            "3": 1,
            "2": 1,
            "0": 1,
            "1": 1
        },
        "SuccessfulPerturbations": 16416,
        "TimeToBest": 0.002999544143676758,
        "TimeTo70": 0.24701404571533203,
        "ObjectiveAt70": 2895.908586
    }
}