{
    "Config04Problem1_22": {
        "EarlyEnd": false,
        "Objective Criterion": 2,
        "Objective Value": 4475.464309,
        "Permutation": [
            14,
            12,
            11,
            13,
            21,
            20,
            4,
            5,
            6,
            10,
            8,
            9,
            7,
            15,
            17,
            18,
            19,
            16,
            2,
            1,
            0,
            3
        ],
        "BatchAllocation": [
            8,
            8,
            8,
            8,
            2,
            2,
            2,
            6,
            6,
            6,
            6,
            0,
            0,
            0,
            0,
            7,
            7,
            7,
            7,
            7,
            1,
            1
        ],
        "EndIndices": [
            3,
            5,
            8,
            -1,
            -1,
            -1,
            12,
            17,
            21,
            -1,
            -1,
            -1
        ],
        "Preprocess Time": 0.0,
        "Best Constructive Solution": 6764.492368,
        "Construction Runtime": 0.0040018558502197266,
        "Improvement Runtime": 900.016229391098,
        "Overall Runtime": 900.0202312469482,
        "Feasible Assignments": 12536,
        "PerturbationsRounds": 69927,
        "AcceptanceCounter": 8711,
        "AcceptanceRate": 0.12457276874454788,
        "PackingCalls Construction": 0,
        "PackingCalls Perturbation": 219,
        "PackingCalls VNS": 13593,
        "NeighborhoodImprovements": {
            "3": 5,
            "2": 4,
            "0": 6,
            "1": 1
        },
        "SuccessfulPerturbations": 69921,
        "TimeToBest": 5.032287836074829,
        "TimeTo70": 1.3950788974761963,
        "ObjectiveAt70": 4480.69808
    }
}