{
    "Config04Problem2_3022": {
        "EarlyEnd": false,
        "Objective Criterion": 2,
        "Objective Value": 1554.186454,
        "Permutation": [
            3,
            4,
            2,
            0,
            1,
            18,
            14,
            20,
            13,
            19,
            15,
            21,
            16,
            17,
            12,
            11,
            9,
            10,
            6,
            8,
            5,
            7
        ],
        "BatchAllocation": [
            0,
            0,
            0,
            0,
            0,
            6,
            5,
            6,
            5,
            2,
            2,
            2,
            2,
            1,
            1,
            1,
            1,
            1,
            1,
            1,
            1,
            1
        ],
        "EndIndices": [
            4,
            13,
            17,
            -1,
            -1,
            19,
            21,
            -1,
            -1,
            -1
        ],
        "Preprocess Time": 0.0,
        "Best Constructive Solution": 2101.638224,
        "Construction Runtime": 0.004999876022338867,
        "Improvement Runtime": 900.0062832832336,
        "Overall Runtime": 900.011283159256,
        "Feasible Assignments": 97136,
        "PerturbationsRounds": 9651,
        "AcceptanceCounter": 1204,
        "AcceptanceRate": 0.12475391151176043,
        "PackingCalls Construction": 0,
        "PackingCalls Perturbation": 10333,
        "PackingCalls VNS": 91572,
        "NeighborhoodImprovements": {
            "3": 1,
            "2": 1,
            "0": 3,
            "1": 1
        },
        "SuccessfulPerturbations": 9613,
        "TimeToBest": 0.07600235939025879,
        "TimeTo70": 1.394080638885498,
        "ObjectiveAt70": 1554.186454
    }
}