{
    "Config04Problem3_3022": {
        "EarlyEnd": false,
        "Objective Criterion": 2,
        "Objective Value": 3097.617811,
        "Permutation": [
            1,
            7,
            6,
            0,
            15,
            13,
            14,
            19,
            20,
            5,
            3,
            4,
            2,
            8,
            9,
            10,
            11,
            12,
            17,
            18,
            16
        ],
        "BatchAllocation": [
            0,
            0,
            10,
            10,
            10,
            9,
            0,
            0,
            11,
            11,
            11,
            11,
            11,
            1,
            1,
            1,
            12,
            12,
            12,
            2,
            2
        ],
        "EndIndices": [
            3,
            6,
            8,
            -1,
            -1,
            -1,
            -1,
            -1,
            -1,
            9,
            12,
            17,
            20,
            -1,
            -1,
            -1,
            -1,
            -1
        ],
        "Preprocess Time": 0.0,
        "Best Constructive Solution": 4640.112321,
        "Construction Runtime": 0.003998517990112305,
        "Improvement Runtime": 900.0229287147522,
        "Overall Runtime": 900.0269272327423,
        "Feasible Assignments": 1631,
        "PerturbationsRounds": 18623,
        "AcceptanceCounter": 1345,
        "AcceptanceRate": 0.07222252053911829,
        "PackingCalls Construction": 0,
        "PackingCalls Perturbation": 27807,
        "PackingCalls VNS": 1838,
        "NeighborhoodImprovements": {
            "3": 7,
            "2": 6,
            "0": 6,
            "1": 1
        },
        "SuccessfulPerturbations": 18623,
        "TimeToBest": 1.131087303161621,
        "TimeTo70": 1.0340642929077148,
        "ObjectiveAt70": 3396.765158
    }
}