{
    "Config04Problem1_1022": {
        "EarlyEnd": false,
        "Objective Criterion": 2,
        "Objective Value": 4475.464309,
        "Permutation": [
            11,
            12,
            14,
            13,
            20,
            21,
            5,
            4,
            6,
            8,
            9,
            10,
            7,
            19,
            16,
            15,
            18,
            17,
            0,
            2,
            1,
            3
        ],
        "BatchAllocation": [
            8,
            8,
            8,
            8,
            2,
            2,
            2,
            6,
            6,
            6,
            6,
            0,
            0,
            0,
            0,
            7,
            7,
            7,
            7,
            7,
            1,
            1
        ],
        "EndIndices": [
            3,
            5,
            8,
            -1,
            -1,
            -1,
            12,
            17,
            21,
            -1,
            -1,
            -1
        ],
        "Preprocess Time": 0.0,
        "Best Constructive Solution": 6764.492368,
        "Construction Runtime": 0.004004716873168945,
        "Improvement Runtime": 900.0105996131897,
        "Overall Runtime": 900.0146043300629,
        "Feasible Assignments": 12541,
        "PerturbationsRounds": 61915,
        "AcceptanceCounter": 7727,
        "AcceptanceRate": 0.12480012920939998,
        "PackingCalls Construction": 0,
        "PackingCalls Perturbation": 410,
        "PackingCalls VNS": 13568,
        "NeighborhoodImprovements": {
            "3": 5,
            "2": 6,
            "0": 8,
            "1": 1
        },
        "SuccessfulPerturbations": 61907,
        "TimeToBest": 15.313868761062622,
        "TimeTo70": 0.7610330581665039,
        "ObjectiveAt70": 5059.803488
    }
}