{
    "Config04Problem8_22": {
        "EarlyEnd": false,
        "Objective Criterion": 2,
        "Objective Value": 2506.465099,
        "Permutation": [
            8,
            7,
            1,
            2,
            12,
            0,
            13,
            11,
            9,
            10,
            5,
            6,
            4,
            3,
            15,
            16,
            14,
            17
        ],
        "BatchAllocation": [
            7,
            7,
            7,
            9,
            9,
            9,
            9,
            0,
            0,
            8,
            8,
            7,
            7,
            7,
            10,
            10,
            10,
            10
        ],
        "EndIndices": [
            1,
            -1,
            -1,
            -1,
            -1,
            -1,
            -1,
            7,
            9,
            13,
            17,
            -1,
            -1,
            -1
        ],
        "Preprocess Time": 0.0,
        "Best Constructive Solution": 3062.059074,
        "Construction Runtime": 0.0030007362365722656,
        "Improvement Runtime": 900.060632944107,
        "Overall Runtime": 900.0636336803436,
        "Feasible Assignments": 1260,
        "PerturbationsRounds": 41710,
        "AcceptanceCounter": 4542,
        "AcceptanceRate": 0.10889474946056102,
        "PackingCalls Construction": 0,
        "PackingCalls Perturbation": 20736,
        "PackingCalls VNS": 1038,
        "NeighborhoodImprovements": {
            "3": 3,
            "2": 2,
            "0": 2,
            "1": 1
        },
        "SuccessfulPerturbations": 41654,
        "TimeToBest": 0.06500458717346191,
        "TimeTo70": 0.307018518447876,
        "ObjectiveAt70": 2506.465099
    }
}