{
    "Config04Problem6_2022": {
        "EarlyEnd": false,
        "Objective Criterion": 2,
        "Objective Value": 2895.908586,
        "Permutation": [
            10,
            11,
            12,
            9,
            2,
            1,
            0,
            3,
            4,
            6,
            7,
            5,
            15,
            8,
            14,
            13
        ],
        "BatchAllocation": [
            2,
            1,
            1,
            2,
            2,
            3,
            3,
            3,
            10,
            1,
            0,
            0,
            0,
            12,
            11,
            9
        ],
        "EndIndices": [
            2,
            5,
            8,
            11,
            -1,
            -1,
            -1,
            -1,
            -1,
            12,
            13,
            14,
            15,
            -1,
            -1,
            -1,
            -1,
            -1
        ],
        "Preprocess Time": 0.0,
        "Best Constructive Solution": 3154.65483,
        "Construction Runtime": 0.0039980411529541016,
        "Improvement Runtime": 900.007161617279,
        "Overall Runtime": 900.011159658432,
        "Feasible Assignments": 102,
        "PerturbationsRounds": 20387,
        "AcceptanceCounter": 6569,
        "AcceptanceRate": 0.32221513709716976,
        "PackingCalls Construction": 0,
        "PackingCalls Perturbation": 52416,
        "PackingCalls VNS": 48,
        "NeighborhoodImprovements": {
            "3": 1,
            "2": 1,
            "0": 1,
            "1": 1
        },
        "SuccessfulPerturbations": 15538,
        "TimeToBest": 0.006002187728881836,
        "TimeTo70": 0.2860219478607178,
        "ObjectiveAt70": 2895.908586
    }
}