{
    "Config04Problem1_2022": {
        "EarlyEnd": false,
        "Objective Criterion": 2,
        "Objective Value": 4475.464309,
        "Permutation": [
            14,
            13,
            11,
            12,
            21,
            20,
            4,
            6,
            5,
            7,
            9,
            10,
            8,
            18,
            16,
            19,
            17,
            15,
            2,
            3,
            0,
            1
        ],
        "BatchAllocation": [
            8,
            8,
            8,
            8,
            2,
            2,
            2,
            6,
            6,
            6,
            6,
            0,
            0,
            0,
            0,
            7,
            7,
            7,
            7,
            7,
            1,
            1
        ],
        "EndIndices": [
            3,
            5,
            8,
            -1,
            -1,
            -1,
            12,
            17,
            21,
            -1,
            -1,
            -1
        ],
        "Preprocess Time": 0.0,
        "Best Constructive Solution": 6764.492368,
        "Construction Runtime": 0.003999233245849609,
        "Improvement Runtime": 900.0064508914948,
        "Overall Runtime": 900.0104501247406,
        "Feasible Assignments": 12284,
        "PerturbationsRounds": 70411,
        "AcceptanceCounter": 8961,
        "AcceptanceRate": 0.12726704634219085,
        "PackingCalls Construction": 0,
        "PackingCalls Perturbation": 312,
        "PackingCalls VNS": 13477,
        "NeighborhoodImprovements": {
            "3": 2,
            "2": 5,
            "0": 6,
            "1": 1
        },
        "SuccessfulPerturbations": 70406,
        "TimeToBest": 4.379251956939697,
        "TimeTo70": 0.65604567527771,
        "ObjectiveAt70": 5063.163488
    }
}