{
    "Config04Problem3_2022": {
        "EarlyEnd": false,
        "Objective Criterion": 2,
        "Objective Value": 3097.617811,
        "Permutation": [
            0,
            6,
            1,
            7,
            13,
            15,
            14,
            20,
            19,
            5,
            2,
            3,
            4,
            12,
            11,
            9,
            8,
            10,
            18,
            16,
            17
        ],
        "BatchAllocation": [
            0,
            0,
            10,
            10,
            10,
            9,
            0,
            0,
            11,
            11,
            11,
            11,
            11,
            1,
            1,
            1,
            12,
            12,
            12,
            2,
            2
        ],
        "EndIndices": [
            3,
            6,
            8,
            -1,
            -1,
            -1,
            -1,
            -1,
            -1,
            9,
            12,
            17,
            20,
            -1,
            -1,
            -1,
            -1,
            -1
        ],
        "Preprocess Time": 0.0,
        "Best Constructive Solution": 4640.112321,
        "Construction Runtime": 0.004001140594482422,
        "Improvement Runtime": 900.0813491344452,
        "Overall Runtime": 900.0853502750397,
        "Feasible Assignments": 1645,
        "PerturbationsRounds": 18659,
        "AcceptanceCounter": 1235,
        "AcceptanceRate": 0.06618789860121121,
        "PackingCalls Construction": 0,
        "PackingCalls Perturbation": 27803,
        "PackingCalls VNS": 1874,
        "NeighborhoodImprovements": {
            "3": 3,
            "2": 3,
            "0": 9,
            "1": 2
        },
        "SuccessfulPerturbations": 18659,
        "TimeToBest": 0.9810569286346436,
        "TimeTo70": 1.5400879383087158,
        "ObjectiveAt70": 3097.617811
    }
}