{
    "Config04Problem6_1022": {
        "EarlyEnd": false,
        "Objective Criterion": 2,
        "Objective Value": 2895.908586,
        "Permutation": [
            10,
            11,
            12,
            9,
            2,
            1,
            0,
            3,
            4,
            6,
            7,
            5,
            15,
            8,
            14,
            13
        ],
        "BatchAllocation": [
            2,
            1,
            1,
            2,
            2,
            3,
            3,
            3,
            10,
            1,
            0,
            0,
            0,
            12,
            11,
            9
        ],
        "EndIndices": [
            2,
            5,
            8,
            11,
            -1,
            -1,
            -1,
            -1,
            -1,
            12,
            13,
            14,
            15,
            -1,
            -1,
            -1,
            -1,
            -1
        ],
        "Preprocess Time": 0.0,
        "Best Constructive Solution": 3154.65483,
        "Construction Runtime": 0.0030014514923095703,
        "Improvement Runtime": 900.0945403575897,
        "Overall Runtime": 900.097541809082,
        "Feasible Assignments": 103,
        "PerturbationsRounds": 22140,
        "AcceptanceCounter": 7125,
        "AcceptanceRate": 0.3218157181571816,
        "PackingCalls Construction": 0,
        "PackingCalls Perturbation": 56564,
        "PackingCalls VNS": 56,
        "NeighborhoodImprovements": {
            "3": 1,
            "2": 1,
            "0": 1,
            "1": 1
        },
        "SuccessfulPerturbations": 16921,
        "TimeToBest": 0.004000186920166016,
        "TimeTo70": 0.23000526428222656,
        "ObjectiveAt70": 2895.908586
    }
}