{
    "Config04Problem0_3022": {
        "EarlyEnd": false,
        "Objective Criterion": 2,
        "Objective Value": 4767.07887,
        "Permutation": [
            9,
            8,
            10,
            11,
            12,
            13,
            14,
            15,
            3,
            4,
            5,
            6,
            7,
            0,
            2,
            1
        ],
        "BatchAllocation": [
            9,
            10,
            10,
            8,
            8,
            8,
            8,
            8,
            1,
            0,
            2,
            3,
            7,
            7,
            7,
            7
        ],
        "EndIndices": [
            0,
            1,
            2,
            3,
            -1,
            -1,
            -1,
            7,
            12,
            13,
            15,
            -1,
            -1,
            -1
        ],
        "Preprocess Time": 0.0010001659393310547,
        "Best Constructive Solution": 6018.533316,
        "Construction Runtime": 0.003000020980834961,
        "Improvement Runtime": 900.0071837902069,
        "Overall Runtime": 900.0101838111877,
        "Feasible Assignments": 631,
        "PerturbationsRounds": 37431,
        "AcceptanceCounter": 15373,
        "AcceptanceRate": 0.41070235900724,
        "PackingCalls Construction": 0,
        "PackingCalls Perturbation": 36308,
        "PackingCalls VNS": 451,
        "NeighborhoodImprovements": {
            "3": 3,
            "2": 1,
            "0": 2,
            "1": 1
        },
        "SuccessfulPerturbations": 37431,
        "TimeToBest": 0.04400277137756348,
        "TimeTo70": 0.22901272773742676,
        "ObjectiveAt70": 4767.07887
    }
}