{
    "Config04Problem4_2022": {
        "EarlyEnd": false,
        "Objective Criterion": 2,
        "Objective Value": 3679.760951,
        "Permutation": [
            12,
            6,
            3,
            0,
            1,
            5,
            7,
            2,
            4,
            8,
            10,
            9,
            11,
            13,
            14,
            15,
            16
        ],
        "BatchAllocation": [
            5,
            6,
            6,
            5,
            6,
            6,
            5,
            6,
            7,
            7,
            7,
            7,
            0,
            8,
            8,
            8,
            8
        ],
        "EndIndices": [
            0,
            -1,
            -1,
            -1,
            -1,
            3,
            8,
            12,
            16,
            -1
        ],
        "Preprocess Time": 0.0,
        "Best Constructive Solution": 4300.52957,
        "Construction Runtime": 0.0040013790130615234,
        "Improvement Runtime": 900.1972944736481,
        "Overall Runtime": 900.2012958526611,
        "Feasible Assignments": 14552,
        "PerturbationsRounds": 5967,
        "AcceptanceCounter": 571,
        "AcceptanceRate": 0.09569297804591922,
        "PackingCalls Construction": 0,
        "PackingCalls Perturbation": 18399,
        "PackingCalls VNS": 23219,
        "NeighborhoodImprovements": {
            "3": 2,
            "2": 1,
            "0": 2,
            "1": 1
        },
        "SuccessfulPerturbations": 4486,
        "TimeToBest": 0.10600590705871582,
        "TimeTo70": 2.195124626159668,
        "ObjectiveAt70": 3679.760951
    }
}