{
    "Config04Problem9_2022": {
        "EarlyEnd": false,
        "Objective Criterion": 2,
        "Objective Value": 1295.390882,
        "Permutation": [
            17,
            2,
            4,
            0,
            1,
            3,
            13,
            14,
            16,
            15,
            11,
            7,
            5,
            6,
            10,
            12,
            8,
            9
        ],
        "BatchAllocation": [
            1,
            1,
            1,
            1,
            1,
            12,
            12,
            12,
            14,
            14,
            13,
            11,
            13,
            2,
            9,
            10,
            10,
            0
        ],
        "EndIndices": [
            0,
            5,
            6,
            -1,
            -1,
            -1,
            -1,
            -1,
            -1,
            7,
            9,
            10,
            13,
            15,
            17,
            -1,
            -1,
            -1
        ],
        "Preprocess Time": 0.0,
        "Best Constructive Solution": 1512.48767,
        "Construction Runtime": 0.0029990673065185547,
        "Improvement Runtime": 900.0890648365021,
        "Overall Runtime": 900.0920639038086,
        "Feasible Assignments": 209,
        "PerturbationsRounds": 10089,
        "AcceptanceCounter": 1683,
        "AcceptanceRate": 0.16681534344335414,
        "PackingCalls Construction": 0,
        "PackingCalls Perturbation": 44376,
        "PackingCalls VNS": 140,
        "NeighborhoodImprovements": {
            "3": 3,
            "2": 2,
            "0": 1,
            "1": 2
        },
        "SuccessfulPerturbations": 10079,
        "TimeToBest": 0.10300779342651367,
        "TimeTo70": 0.5280325412750244,
        "ObjectiveAt70": 1295.390882
    }
}