{
    "Config04Problem5_22": {
        "EarlyEnd": false,
        "Objective Criterion": 2,
        "Objective Value": 4163.332281,
        "Permutation": [
            12,
            14,
            13,
            1,
            7,
            8,
            9,
            10,
            11,
            0,
            3,
            6,
            4,
            2,
            5,
            18,
            17,
            15,
            16
        ],
        "BatchAllocation": [
            6,
            0,
            7,
            7,
            7,
            7,
            7,
            1,
            1,
            2,
            2,
            2,
            0,
            0,
            0,
            8,
            8,
            8,
            8
        ],
        "EndIndices": [
            3,
            5,
            8,
            -1,
            -1,
            -1,
            9,
            14,
            18,
            -1,
            -1,
            -1
        ],
        "Preprocess Time": 0.0,
        "Best Constructive Solution": 4868.207965,
        "Construction Runtime": 0.0030014514923095703,
        "Improvement Runtime": 900.0523045063019,
        "Overall Runtime": 900.0553059577942,
        "Feasible Assignments": 1193,
        "PerturbationsRounds": 28155,
        "AcceptanceCounter": 10230,
        "AcceptanceRate": 0.3633457645178476,
        "PackingCalls Construction": 0,
        "PackingCalls Perturbation": 26726,
        "PackingCalls VNS": 1175,
        "NeighborhoodImprovements": {
            "3": 3,
            "2": 1,
            "0": 4,
            "1": 1
        },
        "SuccessfulPerturbations": 28149,
        "TimeToBest": 0.17701411247253418,
        "TimeTo70": 0.47902441024780273,
        "ObjectiveAt70": 4163.332281
    }
}