{
    "Config04Problem5_4022": {
        "EarlyEnd": false,
        "Objective Criterion": 2,
        "Objective Value": 4163.332281,
        "Permutation": [
            9,
            1,
            8,
            10,
            11,
            13,
            14,
            7,
            12,
            0,
            3,
            4,
            6,
            5,
            2,
            18,
            16,
            15,
            17
        ],
        "BatchAllocation": [
            6,
            0,
            7,
            7,
            7,
            7,
            7,
            2,
            1,
            0,
            2,
            2,
            2,
            2,
            2,
            8,
            8,
            8,
            8
        ],
        "EndIndices": [
            1,
            2,
            8,
            -1,
            -1,
            -1,
            9,
            14,
            18,
            -1,
            -1,
            -1
        ],
        "Preprocess Time": 0.0,
        "Best Constructive Solution": 4868.207965,
        "Construction Runtime": 0.0029947757720947266,
        "Improvement Runtime": 900.0442934036255,
        "Overall Runtime": 900.0472881793976,
        "Feasible Assignments": 1132,
        "PerturbationsRounds": 34563,
        "AcceptanceCounter": 11730,
        "AcceptanceRate": 0.3393802621300234,
        "PackingCalls Construction": 0,
        "PackingCalls Perturbation": 33985,
        "PackingCalls VNS": 1063,
        "NeighborhoodImprovements": {
            "3": 1,
            "2": 1,
            "0": 2,
            "1": 1
        },
        "SuccessfulPerturbations": 34547,
        "TimeToBest": 0.10600996017456055,
        "TimeTo70": 0.3820180892944336,
        "ObjectiveAt70": 4163.332281
    }
}