{
    "Config04Problem3_22": {
        "EarlyEnd": false,
        "Objective Criterion": 2,
        "Objective Value": 3097.617811,
        "Permutation": [
            1,
            0,
            6,
            7,
            13,
            14,
            15,
            20,
            19,
            5,
            4,
            2,
            3,
            8,
            10,
            12,
            9,
            11,
            16,
            18,
            17
        ],
        "BatchAllocation": [
            0,
            0,
            10,
            10,
            10,
            9,
            0,
            0,
            11,
            11,
            11,
            11,
            11,
            1,
            1,
            1,
            12,
            12,
            12,
            2,
            2
        ],
        "EndIndices": [
            3,
            6,
            8,
            -1,
            -1,
            -1,
            -1,
            -1,
            -1,
            9,
            12,
            17,
            20,
            -1,
            -1,
            -1,
            -1,
            -1
        ],
        "Preprocess Time": 0.0,
        "Best Constructive Solution": 4388.392399,
        "Construction Runtime": 0.004062175750732422,
        "Improvement Runtime": 900.0622408390045,
        "Overall Runtime": 900.0663030147552,
        "Feasible Assignments": 1653,
        "PerturbationsRounds": 18683,
        "AcceptanceCounter": 1325,
        "AcceptanceRate": 0.07092008778033507,
        "PackingCalls Construction": 0,
        "PackingCalls Perturbation": 27838,
        "PackingCalls VNS": 1939,
        "NeighborhoodImprovements": {
            "3": 3,
            "2": 2,
            "0": 6,
            "1": 1
        },
        "SuccessfulPerturbations": 18683,
        "TimeToBest": 0.23995065689086914,
        "TimeTo70": 0.7659804821014404,
        "ObjectiveAt70": 3097.617811
    }
}