{
    "Config04Problem0_4022": {
        "EarlyEnd": false,
        "Objective Criterion": 2,
        "Objective Value": 4767.07887,
        "Permutation": [
            9,
            8,
            10,
            11,
            12,
            13,
            14,
            15,
            3,
            4,
            5,
            6,
            7,
            2,
            1,
            0
        ],
        "BatchAllocation": [
            10,
            9,
            9,
            8,
            8,
            8,
            8,
            8,
            1,
            0,
            2,
            3,
            7,
            7,
            7,
            7
        ],
        "EndIndices": [
            0,
            1,
            2,
            3,
            -1,
            -1,
            -1,
            7,
            12,
            14,
            15,
            -1,
            -1,
            -1
        ],
        "Preprocess Time": 0.0,
        "Best Constructive Solution": 6018.533316,
        "Construction Runtime": 0.0030014514923095703,
        "Improvement Runtime": 900.0555844306946,
        "Overall Runtime": 900.0585858821869,
        "Feasible Assignments": 631,
        "PerturbationsRounds": 37858,
        "AcceptanceCounter": 15396,
        "AcceptanceRate": 0.40667758465846054,
        "PackingCalls Construction": 0,
        "PackingCalls Perturbation": 36343,
        "PackingCalls VNS": 427,
        "NeighborhoodImprovements": {
            "3": 3,
            "2": 1,
            "0": 2,
            "1": 1
        },
        "SuccessfulPerturbations": 37855,
        "TimeToBest": 0.03300070762634277,
        "TimeTo70": 0.2240142822265625,
        "ObjectiveAt70": 4767.07887
    }
}