{
    "Config06Problem0_22": {
        "Optimality": 0,
        "UB": 24662.63490587796,
        "LB": 167.5257572434768,
        "Model Runtime": 3600.3007583618164,
        "Overall Runtime": 3602.764,
        "Preprocess Runtime": 2.258,
        "TimeToBest": 3089.0
    },
    "Config06Problem0_1022": {
        "Optimality": 0,
        "UB": 25140.736596775983,
        "LB": 160.08906494663103,
        "Model Runtime": 3600.3297901153564,
        "Overall Runtime": 3601.428,
        "Preprocess Runtime": 0.897,
        "TimeToBest": 880.0
    },
    "Config06Problem0_2022": {
        "Optimality": 0,
        "UB": 24655.40560602687,
        "LB": 167.52575728011593,
        "Model Runtime": 3600.154613494873,
        "Overall Runtime": 3602.339,
        "Preprocess Runtime": 1.934,
        "TimeToBest": 3423.0
    },
    "Config06Problem0_3022": {
        "Optimality": 0,
        "UB": 24648.175586308065,
        "LB": 167.52575728046702,
        "Model Runtime": 3600.2246837615967,
        "Overall Runtime": 3602.908,
        "Preprocess Runtime": 2.425,
        "TimeToBest": 3519.0
    },
    "Config06Problem0_4022": {
        "Optimality": 0,
        "UB": 24648.174722828942,
        "LB": 167.5257572804565,
        "Model Runtime": 3600.195655822754,
        "Overall Runtime": 3602.033,
        "Preprocess Runtime": 1.62,
        "TimeToBest": 1536.0
    },
    "Config06Problem1_22": {
        "Optimality": 0,
        "UB": 106347.00338262606,
        "LB": 4181.93189542842,
        "Model Runtime": 3600.8202743530273,
        "Overall Runtime": 3607.108,
        "Preprocess Runtime": 5.82,
        "TimeToBest": 2399.0
    },
    "Config06Problem1_1022": {
        "Optimality": 0,
        "UB": 106329.93575229956,
        "LB": 3770.7493478719844,
        "Model Runtime": 3600.3317909240723,
        "Overall Runtime": 3605.154,
        "Preprocess Runtime": 4.134,
        "TimeToBest": 1265.0
    },
    "Config06Problem1_2022": {
        "Optimality": 0,
        "UB": 106329.71864827393,
        "LB": 4396.65710468152,
        "Model Runtime": 3600.345106124878,
        "Overall Runtime": 3604.21,
        "Preprocess Runtime": 3.537,
        "TimeToBest": 761.0
    },
    "Config06Problem1_3022": {
        "Optimality": 0,
        "UB": 106409.02391488104,
        "LB": 4400.000963422189,
        "Model Runtime": 3600.613628387451,
        "Overall Runtime": 3603.537,
        "Preprocess Runtime": 2.623,
        "TimeToBest": 2532.0
    },
    "Config06Problem1_4022": {
        "Optimality": 0,
        "UB": 106329.93611038559,
        "LB": 4399.991416863042,
        "Model Runtime": 3600.282745361328,
        "Overall Runtime": 3603.252,
        "Preprocess Runtime": 2.629,
        "TimeToBest": 3324.0
    },
    "Config06Problem2_22": {
        "Optimality": 0,
        "UB": 15579.087999634745,
        "LB": 91.75627252696292,
        "Model Runtime": 3600.3818378448486,
        "Overall Runtime": 3603.937,
        "Preprocess Runtime": 3.054,
        "TimeToBest": 3600.0
    },
    "Config06Problem2_1022": {
        "Optimality": 0,
        "UB": 13708.135583341249,
        "LB": 91.77755950350476,
        "Model Runtime": 3600.941396713257,
        "Overall Runtime": 3605.771,
        "Preprocess Runtime": 4.194,
        "TimeToBest": 3575.0
    },
    "Config06Problem2_2022": {
        "Optimality": 0,
        "UB": 13803.220256826808,
        "LB": 91.77147180592765,
        "Model Runtime": 3601.4489002227783,
        "Overall Runtime": 3605.997,
        "Preprocess Runtime": 3.908,
        "TimeToBest": 2144.0
    },
    "Config06Problem2_3022": {
        "Optimality": 0,
        "UB": 13984.199818572431,
        "LB": 91.77757311982714,
        "Model Runtime": 3600.955404281616,
        "Overall Runtime": 3604.917,
        "Preprocess Runtime": 3.459,
        "TimeToBest": 3407.0
    },
    "Config06Problem2_4022": {
        "Optimality": 0,
        "UB": 13520.519035653919,
        "LB": 91.77757311983441,
        "Model Runtime": 3600.428888320923,
        "Overall Runtime": 3604.124,
        "Preprocess Runtime": 3.19,
        "TimeToBest": 3309.0
    },
    "Config06Problem3_22": {
        "Optimality": 0,
        "UB": 48421.73040211572,
        "LB": 22.309451474934527,
        "Model Runtime": 3601.067518234253,
        "Overall Runtime": 3606.369,
        "Preprocess Runtime": 4.45,
        "TimeToBest": 2784.0
    },
    "Config06Problem3_1022": {
        "Optimality": 0,
        "UB": 44146.256070320465,
        "LB": 27.251227647844615,
        "Model Runtime": 3602.4962577819824,
        "Overall Runtime": 3607.65,
        "Preprocess Runtime": 4.685,
        "TimeToBest": 1107.0
    },
    "Config06Problem3_2022": {
        "Optimality": 0,
        "UB": 47894.63656291289,
        "LB": 20.860669439687626,
        "Model Runtime": 3601.4617881774902,
        "Overall Runtime": 3607.279,
        "Preprocess Runtime": 5.102,
        "TimeToBest": 2856.0
    },
    "Config06Problem3_3022": {
        "Optimality": 0,
        "UB": 44603.09349374678,
        "LB": 53.04806492260136,
        "Model Runtime": 3600.3207817077637,
        "Overall Runtime": 3607.029,
        "Preprocess Runtime": 6.145,
        "TimeToBest": 1373.0
    },
    "Config06Problem3_4022": {
        "Optimality": 0,
        "UB": 43540.2834650376,
        "LB": 61.71135743857056,
        "Model Runtime": 3600.962417602539,
        "Overall Runtime": 3607.349,
        "Preprocess Runtime": 5.602,
        "TimeToBest": 3590.0
    },
    "Config06Problem4_22": {
        "Optimality": 0,
        "UB": 10567.450698577213,
        "LB": 85.05324159974407,
        "Model Runtime": 3602.054494857788,
        "Overall Runtime": 3606.633,
        "Preprocess Runtime": 3.911,
        "TimeToBest": 3600.0
    },
    "Config06Problem4_1022": {
        "Optimality": 0,
        "UB": 12554.519766042848,
        "LB": 85.05324159993326,
        "Model Runtime": 3601.769208908081,
        "Overall Runtime": 3606.235,
        "Preprocess Runtime": 3.871,
        "TimeToBest": 3241.0
    },
    "Config06Problem4_2022": {
        "Optimality": 0,
        "UB": 13316.468981590062,
        "LB": 85.05324159979864,
        "Model Runtime": 3601.356809616089,
        "Overall Runtime": 3606.64,
        "Preprocess Runtime": 4.613,
        "TimeToBest": 2661.0
    },
    "Config06Problem4_3022": {
        "Optimality": 0,
        "UB": 11346.929390267956,
        "LB": 85.0532415999705,
        "Model Runtime": 3600.961410522461,
        "Overall Runtime": 3605.748,
        "Preprocess Runtime": 3.854,
        "TimeToBest": 3184.0
    },
    "Config06Problem4_4022": {
        "Optimality": 0,
        "UB": 11365.32845483459,
        "LB": 85.05324159970287,
        "Model Runtime": 3601.318769454956,
        "Overall Runtime": 3607.99,
        "Preprocess Runtime": 5.793,
        "TimeToBest": 3575.0
    },
    "Config06Problem5_22": {
        "Optimality": 0,
        "UB": 51803.655168242745,
        "LB": 3436.938988134334,
        "Model Runtime": 3600.353811264038,
        "Overall Runtime": 3610.401,
        "Preprocess Runtime": 9.258,
        "TimeToBest": 3600.0
    },
    "Config06Problem5_1022": {
        "Optimality": 0,
        "UB": 47549.60675231863,
        "LB": 3279.110533054342,
        "Model Runtime": 3600.57022857666,
        "Overall Runtime": 3607.935,
        "Preprocess Runtime": 6.629,
        "TimeToBest": 3120.0
    },
    "Config06Problem5_2022": {
        "Optimality": 0,
        "UB": 52883.33707210773,
        "LB": 3436.664288198568,
        "Model Runtime": 3600.801254272461,
        "Overall Runtime": 3607.389,
        "Preprocess Runtime": 6.023,
        "TimeToBest": 3547.0
    },