{
    "Config03Problem0_22": {
        "Optimality": 0,
        "UB": 101405.24615435944,
        "LB": 0.0,
        "Model Runtime": 3600.7301845550537,
        "Overall Runtime": 3611.392,
        "Preprocess Runtime": 9.82,
        "TimeToBest": 3521.0
    },
    "Config03Problem0_1022": {
        "Optimality": 0,
        "UB": 104422.90181877944,
        "LB": 0.0,
        "Model Runtime": 3600.3578128814697,
        "Overall Runtime": 3612.417,
        "Preprocess Runtime": 11.265,
        "TimeToBest": 3378.0
    },
    "Config03Problem0_2022": {
        "Optimality": 0,
        "UB": 97419.15924244176,
        "LB": 0.0,
        "Model Runtime": 3601.39284324646,
        "Overall Runtime": 3611.326,
        "Preprocess Runtime": 8.749,
        "TimeToBest": 2692.0
    },
    "Config03Problem0_3022": {
        "Optimality": 0,
        "UB": 102825.36046352297,
        "LB": 0.0,
        "Model Runtime": 3601.3938426971436,
        "Overall Runtime": 3608.488,
        "Preprocess Runtime": 5.68,
        "TimeToBest": 3410.0
    },
    "Config03Problem0_4022": {
        "Optimality": 0,
        "UB": 95887.6256687918,
        "LB": 0.0,
        "Model Runtime": 3600.4739322662354,
        "Overall Runtime": 3612.673,
        "Preprocess Runtime": 11.339,
        "TimeToBest": 3312.0
    },
    "Config03Problem1_22": {
        "Optimality": 0,
        "UB": 42191.23715578884,
        "LB": 0.0,
        "Model Runtime": 3600.819272994995,
        "Overall Runtime": 3605.296,
        "Preprocess Runtime": 3.756,
        "TimeToBest": 2523.0
    },
    "Config03Problem1_1022": {
        "Optimality": 0,
        "UB": 44901.400578430694,
        "LB": 0.0,
        "Model Runtime": 3600.94305229187,
        "Overall Runtime": 3604.18,
        "Preprocess Runtime": 2.712,
        "TimeToBest": 2873.0
    },
    "Config03Problem1_2022": {
        "Optimality": 0,
        "UB": 42066.52550303297,
        "LB": 0.0,
        "Model Runtime": 3601.1035556793213,
        "Overall Runtime": 3605.403,
        "Preprocess Runtime": 3.738,
        "TimeToBest": 3186.0
    },
    "Config03Problem1_3022": {
        "Optimality": 0,
        "UB": 43961.57517298511,
        "LB": 0.0,
        "Model Runtime": 3600.9644203186035,
        "Overall Runtime": 3606.93,
        "Preprocess Runtime": 5.355,
        "TimeToBest": 3166.0
    },
    "Config03Problem1_4022": {
        "Optimality": 0,
        "UB": 44040.9920141001,
        "LB": 0.0,
        "Model Runtime": 3600.901351928711,
        "Overall Runtime": 3605.963,
        "Preprocess Runtime": 4.514,
        "TimeToBest": 3385.0
    },
    "Config03Problem2_22": {
        "Optimality": 0,
        "UB": 43676.41621742316,
        "LB": 63.425493759899624,
        "Model Runtime": 3600.5830421447754,
        "Overall Runtime": 3604.46,
        "Preprocess Runtime": 3.292,
        "TimeToBest": 2851.0
    },
    "Config03Problem2_1022": {
        "Optimality": 0,
        "UB": 43977.10310587565,
        "LB": 63.425493759938185,
        "Model Runtime": 3600.789239883423,
        "Overall Runtime": 3604.453,
        "Preprocess Runtime": 3.091,
        "TimeToBest": 3279.0
    },
    "Config03Problem2_2022": {
        "Optimality": 0,
        "UB": 44872.215833157235,
        "LB": 63.42549376010057,
        "Model Runtime": 3600.546003341675,
        "Overall Runtime": 3606.569,
        "Preprocess Runtime": 5.512,
        "TimeToBest": 3092.0
    },
    "Config03Problem2_3022": {
        "Optimality": 0,
        "UB": 44925.51889689664,
        "LB": 63.42549375990142,
        "Model Runtime": 3600.482940673828,
        "Overall Runtime": 3605.306,
        "Preprocess Runtime": 4.252,
        "TimeToBest": 3290.0
    },
    "Config03Problem2_4022": {
        "Optimality": 0,
        "UB": 43062.97494491984,
        "LB": 7.13380949963872,
        "Model Runtime": 3601.8773231506348,
        "Overall Runtime": 3607.545,
        "Preprocess Runtime": 5.044,
        "TimeToBest": 3508.0
    },
    "Config03Problem3_22": {
        "Optimality": 0,
        "UB": 51207.0249267395,
        "LB": 84.61595743715169,
        "Model Runtime": 3601.5488777160645,
        "Overall Runtime": 3606.056,
        "Preprocess Runtime": 3.944,
        "TimeToBest": 3001.0
    },
    "Config03Problem3_1022": {
        "Optimality": 0,
        "UB": 59099.954084127756,
        "LB": 79.97595773516223,
        "Model Runtime": 3600.585042953491,
        "Overall Runtime": 3604.91,
        "Preprocess Runtime": 3.828,
        "TimeToBest": 2940.0
    },
    "Config03Problem3_2022": {
        "Optimality": 0,
        "UB": 54155.34424158107,
        "LB": 84.61595743634702,
        "Model Runtime": 3601.683126449585,
        "Overall Runtime": 3605.805,
        "Preprocess Runtime": 3.425,
        "TimeToBest": 3407.0
    },
    "Config03Problem3_3022": {
        "Optimality": 0,
        "UB": 51892.7298166949,
        "LB": 84.61595743777069,
        "Model Runtime": 3601.0695190429688,
        "Overall Runtime": 3605.144,
        "Preprocess Runtime": 3.703,
        "TimeToBest": 847.0
    },
    "Config03Problem3_4022": {
        "Optimality": 0,
        "UB": 51139.4564212853,
        "LB": 81.61915609224066,
        "Model Runtime": 3600.8793334960938,
        "Overall Runtime": 3605.501,
        "Preprocess Runtime": 3.724,
        "TimeToBest": 2006.0
    },
    "Config03Problem4_22": {
        "Optimality": 0,
        "UB": 34565.452211374526,
        "LB": 0.0,
        "Model Runtime": 3600.5169715881348,
        "Overall Runtime": 3605.013,
        "Preprocess Runtime": 4.134,
        "TimeToBest": 2430.0
    },
    "Config03Problem4_1022": {
        "Optimality": 0,
        "UB": 35195.83602929277,
        "LB": 32.37843675516832,
        "Model Runtime": 3600.4619178771973,
        "Overall Runtime": 3606.406,
        "Preprocess Runtime": 5.503,
        "TimeToBest": 3343.0
    },
    "Config03Problem4_2022": {
        "Optimality": 0,
        "UB": 34015.14975858453,
        "LB": 25.769232346542527,
        "Model Runtime": 3600.4949531555176,
        "Overall Runtime": 3604.407,
        "Preprocess Runtime": 3.431,
        "TimeToBest": 2634.0
    },
    "Config03Problem4_3022": {
        "Optimality": 0,
        "UB": 33712.44295486981,
        "LB": 31.84782337171681,
        "Model Runtime": 3600.6571140289307,
        "Overall Runtime": 3606.23,
        "Preprocess Runtime": 5.031,
        "TimeToBest": 2797.0
    },
    "Config03Problem4_4022": {
        "Optimality": 0,
        "UB": 34996.75793467497,
        "LB": 1.863769676538107,
        "Model Runtime": 3600.4465618133545,
        "Overall Runtime": 3604.706,
        "Preprocess Runtime": 3.775,
        "TimeToBest": 3153.0
    },
    "Config03Problem5_22": {
        "Optimality": 0,
        "UB": 29421.208292332918,
        "LB": 299.76817112976124,
        "Model Runtime": 3600.7371921539307,
        "Overall Runtime": 3603.415,
        "Preprocess Runtime": 2.367,
        "TimeToBest": 3307.0
    },
    "Config03Problem5_1022": {
        "Optimality": 0,
        "UB": 29729.64855006316,
        "LB": 338.3731694075327,
        "Model Runtime": 3600.385841369629,
        "Overall Runtime": 3603.071,
        "Preprocess Runtime": 2.295,
        "TimeToBest": 3575.0
    },
    "Config03Problem5_2022": {
        "Optimality": 0,
        "UB": 29514.613186673032,
        "LB": 311.595279923246,
        "Model Runtime": 3600.743200302124,
        "Overall Runtime": 3603.659,
        "Preprocess Runtime": 2.339,
        "TimeToBest": 1570.0
    },
    "Config03Problem5_3022": {
        "Optimality": 0,
        "UB": 28173.76080149405,
        "LB": 329.76532702625593,